parking_id,capacity,name,house_number,street_name,current_state,location,key,location_geocells
1,70,אחימאיר,28,אחימאיר אבא,0,"32.12443,34.80415",1,"[u'c', u'c9', u'c9e', u'c9e2', u'c9e2c', u'c9e2cf', u'c9e2cf5', u'c9e2cf55', u'c9e2cf555', u'c9e2cf555c', u'c9e2cf555c3', u'c9e2cf555c36', u'c9e2cf555c36f']"
10,124,תקדים שרותי ניהול,86,בגין מנחם,0,"32.06796,34.78613",10,"[u'c', u'c9', u'c9e', u'c9e2', u'c9e2c', u'c9e2c7', u'c9e2c7d', u'c9e2c7da', u'c9e2c7dac', u'c9e2c7dac3', u'c9e2c7dac37', u'c9e2c7dac37d', u'c9e2c7dac37d8']"
100,53,עמק ברכה,141,אלון יגאל,0,"32.07719,34.79653",100,"[u'c', u'c9', u'c9e', u'c9e2', u'c9e2c', u'c9e2c7', u'c9e2c7f', u'c9e2c7fc', u'c9e2c7fce', u'c9e2c7fcea', u'c9e2c7fcea0', u'c9e2c7fcea0d', u'c9e2c7fcea0df']"
101,24,יקנעם,11,יקנעם,0,"32.07689,34.79576",101,"[u'c', u'c9', u'c9e', u'c9e2', u'c9e2c', u'c9e2c7', u'c9e2c7f', u'c9e2c7fc', u'c9e2c7fcb', u'c9e2c7fcb3', u'c9e2c7fcb37', u'c9e2c7fcb37d', u'c9e2c7fcb37df']"
102,24,נחלת יצחק,32,נחלת יצחק,0,"32.07407,34.79995",102,"[u'c', u'c9', u'c9e', u'c9e2', u'c9e2c', u'c9e2c7', u'c9e2c7f', u'c9e2c7f7', u'c9e2c7f7a', u'c9e2c7f7a6', u'c9e2c7f7a60', u'c9e2c7f7a605', u'c9e2c7f7a6050']"
103,249,בית צרפת,5,תובל,0,"32.07018,34.79485",103,"[u'c', u'c9', u'c9e', u'c9e2', u'c9e2c', u'c9e2c7', u'c9e2c7f', u'c9e2c7f4', u'c9e2c7f42', u'c9e2c7f42d', u'c9e2c7f42d3', u'c9e2c7f42d33', u'c9e2c7f42d336']"
104,32,הגדוד העברי,30,הגדוד העברי,0,"32.05947,34.77693",104,"[u'c', u'c9', u'c9e', u'c9e2', u'c9e2c', u'c9e2c7', u'c9e2c7c', u'c9e2c7c4', u'c9e2c7c47', u'c9e2c7c47f', u'c9e2c7c47fa', u'c9e2c7c47fae', u'c9e2c7c47fae1']"
105,31,אלוני חן,21,הגדוד העברי,0,"32.05981,34.77618",105,"[u'c', u'c9', u'c9e', u'c9e2', u'c9e2c', u'c9e2c7', u'c9e2c7c', u'c9e2c7c4', u'c9e2c7c4d', u'c9e2c7c4d2', u'c9e2c7c4d2f', u'c9e2c7c4d2fd', u'c9e2c7c4d2fdb']"
106,53,השרון,15,השרון,0,"32.06187,34.77858",106,"[u'c', u'c9', u'c9e', u'c9e2', u'c9e2c', u'c9e2c7', u'c9e2c7c', u'c9e2c7c7', u'c9e2c7c72', u'c9e2c7c727', u'c9e2c7c727f', u'c9e2c7c727fd', u'c9e2c7c727fdb']"
107,15,בני ברק 26,26,בני ברק,0,"32.05999,34.78102",107,"[u'c', u'c9', u'c9e', u'c9e2', u'c9e2c', u'c9e2c7', u'c9e2c7c', u'c9e2c7c5', u'c9e2c7c5c', u'c9e2c7c5cd', u'c9e2c7c5cda', u'c9e2c7c5cdab', u'c9e2c7c5cdab8']"
108,44,הגדוד העברי,43,הגדוד העברי,0,"32.05838,34.77909",108,"[u'c', u'c9', u'c9e', u'c9e2', u'c9e2c', u'c9e2c7', u'c9e2c7c', u'c9e2c7c5', u'c9e2c7c51', u'c9e2c7c513', u'c9e2c7c5139', u'c9e2c7c51397', u'c9e2c7c513978']"
109,20,ענתבי,17,ענתבי,0,"32.05487,34.78186",109,"[u'c', u'c9', u'c9e', u'c9e2', u'c9e2c', u'c9e2c7', u'c9e2c76', u'c9e2c76d', u'c9e2c76df', u'c9e2c76df3', u'c9e2c76df34', u'c9e2c76df348', u'c9e2c76df3482']"
11,16,שטיבל,8,שטיבל,0,"32.06643,34.78832",11,"[u'c', u'c9', u'c9e', u'c9e2', u'c9e2c', u'c9e2c7', u'c9e2c7d', u'c9e2c7db', u'c9e2c7db0', u'c9e2c7db00', u'c9e2c7db003', u'c9e2c7db003b', u'c9e2c7db003ba']"
110,24,מסילת העולים,5,מסילת העולים,0,"32.05606,34.7734",110,"[u'c', u'c9', u'c9e', u'c9e2', u'c9e2c', u'c9e2c7', u'c9e2c76', u'c9e2c76e', u'c9e2c76e3', u'c9e2c76e30', u'c9e2c76e305', u'c9e2c76e3053', u'c9e2c76e30537']"
111,50,הרצל,53,הרצל,0,"32.05859,34.77081",111,"[u'c', u'c9', u'c9e', u'c9e2', u'c9e2c', u'c9e2c7', u'c9e2c7c', u'c9e2c7c1', u'c9e2c7c15', u'c9e2c7c159', u'c9e2c7c159b', u'c9e2c7c159b3', u'c9e2c7c159b30']"
112,24,בלס יעקב,38,השוק,0,"32.05799,34.7715",112,"[u'c', u'c9', u'c9e', u'c9e2', u'c9e2c', u'c9e2c7', u'c9e2c76', u'c9e2c76b', u'c9e2c76bf', u'c9e2c76bff', u'c9e2c76bff3', u'c9e2c76bff33', u'c9e2c76bff331']"
113,15,הרצל,69,הרצל,0,"32.05717,34.77082",113,"[u'c', u'c9', u'c9e', u'c9e2', u'c9e2c', u'c9e2c7', u'c9e2c76', u'c9e2c76b', u'c9e2c76bd', u'c9e2c76bd9', u'c9e2c76bd99', u'c9e2c76bd991', u'c9e2c76bd991e']"
114,253,יפו העתיקה,11,פסטר,0,"32.05263,34.7521",114,"[u'c', u'c9', u'c9e', u'c9e2', u'c9e2c', u'c9e2c7', u'c9e2c73', u'c9e2c73c', u'c9e2c73c1', u'c9e2c73c14', u'c9e2c73c145', u'c9e2c73c1453', u'c9e2c73c14538']"
115,78,פלד,45,קבוץ גלויות,0,"32.06616,34.77782",115,"[u'c', u'c9', u'c9e', u'c9e2', u'c9e2c', u'c9e2c7', u'c9e2c7c', u'c9e2c7cd', u'c9e2c7cda', u'c9e2c7cda9', u'c9e2c7cda9e', u'c9e2c7cda9ed', u'c9e2c7cda9edd']"
116,24,מכאל,136,הרצל,0,"32.05289,34.77033",116,"[u'c', u'c9', u'c9e', u'c9e2', u'c9e2c', u'c9e2c7', u'c9e2c76', u'c9e2c769', u'c9e2c7694', u'c9e2c76947', u'c9e2c76947d', u'c9e2c76947d6', u'c9e2c76947d6f']"
117,148,מרכזים,12,הזרם,0,"32.05056,34.76621",117,"[u'c', u'c9', u'c9e', u'c9e2', u'c9e2c', u'c9e2c7', u'c9e2c76', u'c9e2c762', u'c9e2c7627', u'c9e2c76275', u'c9e2c762755', u'c9e2c7627554', u'c9e2c7627554d']"
118,9,עמי ובנו,83,קבוץ גלויות,0,"32.06616,34.77782",118,"[u'c', u'c9', u'c9e', u'c9e2', u'c9e2c', u'c9e2c7', u'c9e2c7c', u'c9e2c7cd', u'c9e2c7cda', u'c9e2c7cda9', u'c9e2c7cda9e', u'c9e2c7cda9ed', u'c9e2c7cda9edd']"
119,6,תחנת דלק רסקין,2,פרוג,0,"32.07861,34.77327",119,"[u'c', u'c9', u'c9e', u'c9e2', u'c9e2c', u'c9e2c7', u'c9e2c7e', u'c9e2c7ee', u'c9e2c7ee3', u'c9e2c7ee3a', u'c9e2c7ee3a3', u'c9e2c7ee3a3f', u'c9e2c7ee3a3f5']"
12,104,רבניצקי,6,רבניצקי,0,"32.06601,34.78978",12,"[u'c', u'c9', u'c9e', u'c9e2', u'c9e2c', u'c9e2c7', u'c9e2c7d', u'c9e2c7d9', u'c9e2c7d9b', u'c9e2c7d9b8', u'c9e2c7d9b84', u'c9e2c7d9b841', u'c9e2c7d9b841b']"
120,378,בתי המשפט,10,התנופה,0,"32.05038,34.77301",120,"[u'c', u'c9', u'c9e', u'c9e2', u'c9e2c', u'c9e2c7', u'c9e2c76', u'c9e2c766', u'c9e2c7660', u'c9e2c7660d', u'c9e2c7660de', u'c9e2c7660def', u'c9e2c7660defe']"
121,350,בית האצל,15,קויפמן יחזקאל,0,"32.06602,34.76276",121,"[u'c', u'c9', u'c9e', u'c9e2', u'c9e2c', u'c9e2c7', u'c9e2c7c', u'c9e2c7c8', u'c9e2c7c8b', u'c9e2c7c8b9', u'c9e2c7c8b95', u'c9e2c7c8b956', u'c9e2c7c8b9568']"
122,37,התקוה,76,ההגנה,0,"32.05405,34.78989",122,"[u'c', u'c9', u'c9e', u'c9e2', u'c9e2c', u'c9e2c7', u'c9e2c77', u'c9e2c779', u'c9e2c7799', u'c9e2c77990', u'c9e2c779907', u'c9e2c779907c', u'c9e2c779907c1']"
123,129,הדולפינריום,3,הרברט סמואל,0,"32.069,34.76336",123,"[u'c', u'c9', u'c9e', u'c9e2', u'c9e2c', u'c9e2c7', u'c9e2c7c', u'c9e2c7ca', u'c9e2c7cab', u'c9e2c7cabf', u'c9e2c7cabf6', u'c9e2c7cabf6b', u'c9e2c7cabf6b7']"
124,505,דולפינריום דרום,1,הרברט סמואל,0,"32.06891,34.76332",124,"[u'c', u'c9', u'c9e', u'c9e2', u'c9e2c', u'c9e2c7', u'c9e2c7c', u'c9e2c7ca', u'c9e2c7cab', u'c9e2c7cabd', u'c9e2c7cabde', u'c9e2c7cabdea', u'c9e2c7cabdea0']"
125,166,חניוני M.M.N,15,בית עובד,0,"32.06403,34.78793",125,"[u'c', u'c9', u'c9e', u'c9e2', u'c9e2c', u'c9e2c7', u'c9e2c7d', u'c9e2c7d8', u'c9e2c7d85', u'c9e2c7d85d', u'c9e2c7d85d8', u'c9e2c7d85d85', u'c9e2c7d85d850']"
126,170,בית קליפורניה,120,אלון יגאל,0,"32.07389,34.79523",126,"[u'c', u'c9', u'c9e', u'c9e2', u'c9e2c', u'c9e2c7', u'c9e2c7f', u'c9e2c7f6', u'c9e2c7f69', u'c9e2c7f69a', u'c9e2c7f69ab', u'c9e2c7f69abf', u'c9e2c7f69abf0']"
127,40,מלון דבורה,91,בן יהודה,0,"32.083,34.77147",127,"[u'c', u'c9', u'c9e', u'c9e2', u'c9e2c', u'c9e2cd', u'c9e2cd4', u'c9e2cd43', u'c9e2cd435', u'c9e2cd4357', u'c9e2cd43570', u'c9e2cd435705', u'c9e2cd4357057']"
128,344,אתרים 1,165,הירקון,0,"32.08538,34.77017",128,"[u'c', u'c9', u'c9e', u'c9e2', u'c9e2c', u'c9e2cd', u'c9e2cd4', u'c9e2cd43', u'c9e2cd43e', u'c9e2cd43ed', u'c9e2cd43edb', u'c9e2cd43edbd', u'c9e2cd43edbd1']"
129,167,בריכת גורדון,14,פרי אליעזר,0,"32.08553,34.76962",129,"[u'c', u'c9', u'c9e', u'c9e2', u'c9e2c', u'c9e2cd', u'c9e2cd4', u'c9e2cd43', u'c9e2cd43e', u'c9e2cd43eb', u'c9e2cd43ebf', u'c9e2cd43ebf1', u'c9e2cd43ebf14']"
13,25,הגליל,7,הגליל,0,"32.06095,34.77882",13,"[u'c', u'c9', u'c9e', u'c9e2', u'c9e2c', u'c9e2c7', u'c9e2c7c', u'c9e2c7c7', u'c9e2c7c71', u'c9e2c7c710', u'c9e2c7c710c', u'c9e2c7c710c6', u'c9e2c7c710c61']"
130,204,הילטון,241,הירקון,0,"32.09332,34.77352",130,"[u'c', u'c9', u'c9e', u'c9e2', u'c9e2c', u'c9e2cd', u'c9e2cd6', u'c9e2cd64', u'c9e2cd64b', u'c9e2cd64b3', u'c9e2cd64b30', u'c9e2cd64b30d', u'c9e2cd64b30d1']"
131,416,הספורטק,44,רוקח ישראל,0,"32.09886,34.78867",131,"[u'c', u'c9', u'c9e', u'c9e2', u'c9e2c', u'c9e2cd', u'c9e2cd7', u'c9e2cd79', u'c9e2cd79a', u'c9e2cd79a3', u'c9e2cd79a33', u'c9e2cd79a339', u'c9e2cd79a339c']"
132,308,הפרוזדור,80,רוקח ישראל,0,"32.10073,34.79787",132,"[u'c', u'c9', u'c9e', u'c9e2', u'c9e2c', u'c9e2cd', u'c9e2cd7', u'c9e2cd7e', u'c9e2cd7ed', u'c9e2cd7ed0', u'c9e2cd7ed02', u'c9e2cd7ed024', u'c9e2cd7ed024b']"
133,172,רכבת האוניברסיטה,2,רמבה אייזיק,0,"32.10675,34.81354",133,"[u'c', u'c9', u'c9e', u'c9e2', u'c9e2d', u'c9e2d8', u'c9e2d88', u'c9e2d883', u'c9e2d883c', u'c9e2d883cb', u'c9e2d883cb7', u'c9e2d883cb72', u'c9e2d883cb72e']"
134,419,מרכז הירידים,101,רוקח ישראל,0,"32.10635,34.81335",134,"[u'c', u'c9', u'c9e', u'c9e2', u'c9e2d', u'c9e2d8', u'c9e2d88', u'c9e2d883', u'c9e2d883c', u'c9e2d883c3', u'c9e2d883c30', u'c9e2d883c305', u'c9e2d883c305c']"
135,1878,פארק הירקון,94,רוקח ישראל,0,"32.1036,34.80902",135,"[u'c', u'c9', u'c9e', u'c9e2', u'c9e2d', u'c9e2d8', u'c9e2d88', u'c9e2d880', u'c9e2d880d', u'c9e2d880d2', u'c9e2d880d24', u'c9e2d880d241', u'c9e2d880d2417']"
136,137,"מוזיאון א""י",6,לבנון חיים,0,"32.10375,34.79707",136,"[u'c', u'c9', u'c9e', u'c9e2', u'c9e2c', u'c9e2cd', u'c9e2cdd', u'c9e2cdd4', u'c9e2cdd4c', u'c9e2cdd4c3', u'c9e2cdd4c3f', u'c9e2cdd4c3f8', u'c9e2cdd4c3f87']"
137,37,קרליבך,21,קרליבך,0,"32.06831,34.78306",137,"[u'c', u'c9', u'c9e', u'c9e2', u'c9e2c', u'c9e2c7', u'c9e2c7d', u'c9e2c7da', u'c9e2c7da8', u'c9e2c7da8b', u'c9e2c7da8b2', u'c9e2c7da8b2a', u'c9e2c7da8b2a0']"
138,176,עין יעקב,18,המרד,0,"32.06392,34.76375",138,"[u'c', u'c9', u'c9e', u'c9e2', u'c9e2c', u'c9e2c7', u'c9e2c7c', u'c9e2c7c8', u'c9e2c7c84', u'c9e2c7c842', u'c9e2c7c842f', u'c9e2c7c842f2', u'c9e2c7c842f2a']"
139,106,לוינסקי,122,לוינסקי,0,"32.05599,34.78131",139,"[u'c', u'c9', u'c9e', u'c9e2', u'c9e2c', u'c9e2c7', u'c9e2c76', u'c9e2c76f', u'c9e2c76f4', u'c9e2c76f4f', u'c9e2c76f4fd', u'c9e2c76f4fdc', u'c9e2c76f4fdce']"
14,54,חן אנריקו,18,הגדוד העברי,0,"32.06005,34.77561",14,"[u'c', u'c9', u'c9e', u'c9e2', u'c9e2c', u'c9e2c7', u'c9e2c7c', u'c9e2c7c4', u'c9e2c7c4c', u'c9e2c7c4cf', u'c9e2c7c4cf3', u'c9e2c7c4cf32', u'c9e2c7c4cf325']"
140,138,אבן זיו,14,יד חרוצים,0,"32.06184,34.78329",140,"[u'c', u'c9', u'c9e', u'c9e2', u'c9e2c', u'c9e2c7', u'c9e2c7d', u'c9e2c7d2', u'c9e2c7d22', u'c9e2c7d223', u'c9e2c7d223e', u'c9e2c7d223e4', u'c9e2c7d223e45']"
141,200,מגדלי העיר,48,בגין מנחם,0,"32.06348,34.78004",141,"[u'c', u'c9', u'c9e', u'c9e2', u'c9e2c', u'c9e2c7', u'c9e2c7c', u'c9e2c7c7', u'c9e2c7c7e', u'c9e2c7c7ea', u'c9e2c7c7ea2', u'c9e2c7c7ea25', u'c9e2c7c7ea25b']"
142,73,חומה ומגדל,2,חומה ומגדל,0,"32.06112,34.78547",142,"[u'c', u'c9', u'c9e', u'c9e2', u'c9e2c', u'c9e2c7', u'c9e2c7d', u'c9e2c7d2', u'c9e2c7d24', u'c9e2c7d242', u'c9e2c7d2428', u'c9e2c7d24280', u'c9e2c7d24280b']"
143,87,השומרון,1,צ'לנוב,0,"32.06017,34.77595",143,"[u'c', u'c9', u'c9e', u'c9e2', u'c9e2c', u'c9e2c7', u'c9e2c7c', u'c9e2c7c4', u'c9e2c7c4f', u'c9e2c7c4f0', u'c9e2c7c4f01', u'c9e2c7c4f010', u'c9e2c7c4f0106']"
144,963,חנה וסע ארלוזורוב,158,דורי יעקב (רב אלוף),0,"32.04825,34.86062",144,"[u'c', u'c9', u'c9e', u'c9e2', u'c9e2d', u'c9e2d2', u'c9e2d26', u'c9e2d264', u'c9e2d2642', u'c9e2d2642c', u'c9e2d2642cd', u'c9e2d2642cd6', u'c9e2d2642cd66']"
145,24,"ריב""ל",11,"ריב""ל",0,"32.06264,34.78268",145,"[u'c', u'c9', u'c9e', u'c9e2', u'c9e2c', u'c9e2c7', u'c9e2c7c', u'c9e2c7c7', u'c9e2c7c7d', u'c9e2c7c7dd', u'c9e2c7c7dd7', u'c9e2c7c7dd7c', u'c9e2c7c7dd7c9']"
146,60,אייס קנה ובנה,59,אלון יגאל,0,"32.06374,34.79214",146,"[u'c', u'c9', u'c9e', u'c9e2', u'c9e2c', u'c9e2c7', u'c9e2c7d', u'c9e2c7d9', u'c9e2c7d94', u'c9e2c7d945', u'c9e2c7d945b', u'c9e2c7d945b7', u'c9e2c7d945b70']"
147,208,דרום הקריה,28,ארניה אוסוולדו,0,"32.07135,34.78611",147,"[u'c', u'c9', u'c9e', u'c9e2', u'c9e2c', u'c9e2c7', u'c9e2c7f', u'c9e2c7f0', u'c9e2c7f0e', u'c9e2c7f0e3', u'c9e2c7f0e35', u'c9e2c7f0e35c', u'c9e2c7f0e35c2']"
148,55,המרד,32,המרד,0,"32.06403,34.7638",148,"[u'c', u'c9', u'c9e', u'c9e2', u'c9e2c', u'c9e2c7', u'c9e2c7c', u'c9e2c7c8', u'c9e2c7c84', u'c9e2c7c848', u'c9e2c7c848d', u'c9e2c7c848d4', u'c9e2c7c848d44']"
149,43,התקומה,36,המרד,0,"32.06504,34.7646",149,"[u'c', u'c9', u'c9e', u'c9e2', u'c9e2c', u'c9e2c7', u'c9e2c7c', u'c9e2c7c8', u'c9e2c7c8c', u'c9e2c7c8c5', u'c9e2c7c8c52', u'c9e2c7c8c52d', u'c9e2c7c8c52d7']"
15,24,הגדוד העברי,62,הגדוד העברי,0,"32.05736,34.77977",15,"[u'c', u'c9', u'c9e', u'c9e2', u'c9e2c', u'c9e2c7', u'c9e2c76', u'c9e2c76f', u'c9e2c76f9', u'c9e2c76f9f', u'c9e2c76f9f9', u'c9e2c76f9f9c', u'c9e2c76f9f9cd']"
150,1569,קניון אביב,40,אינשטיין,0,"32.11273,34.79488",150,"[u'c', u'c9', u'c9e', u'c9e2', u'c9e2c', u'c9e2cd', u'c9e2cdd', u'c9e2cdde', u'c9e2cddea', u'c9e2cddead', u'c9e2cddead1', u'c9e2cddead1e', u'c9e2cddead1e7']"
151,50,מאחורי בית החייל,27,עקיבא אריה,0,"32.08982,34.79198",151,"[u'c', u'c9', u'c9e', u'c9e2', u'c9e2c', u'c9e2cd', u'c9e2cd5', u'c9e2cd5b', u'c9e2cd5bc', u'c9e2cd5bc4', u'c9e2cd5bc4f', u'c9e2cd5bc4f5', u'c9e2cd5bc4f55']"
152,500,היכל הספורט,51,אלון יגאל,0,"32.06151,34.79197",152,"[u'c', u'c9', u'c9e', u'c9e2', u'c9e2c', u'c9e2c7', u'c9e2c7d', u'c9e2c7d3', u'c9e2c7d34', u'c9e2c7d34e', u'c9e2c7d34ef', u'c9e2c7d34ef7', u'c9e2c7d34ef73']"
153,429,בלומפילד,13,התחיה,0,"32.04995,34.76389",153,"[u'c', u'c9', u'c9e', u'c9e2', u'c9e2c', u'c9e2c7', u'c9e2c76', u'c9e2c762', u'c9e2c7624', u'c9e2c76241', u'c9e2c762412', u'c9e2c762412e', u'c9e2c762412ee']"
154,40,יד אבנר,26,קוממיות,0,"32.1197,34.8056",154,"[u'c', u'c9', u'c9e', u'c9e2', u'c9e2d', u'c9e2d8', u'c9e2d8a', u'c9e2d8a8', u'c9e2d8a82', u'c9e2d8a82c', u'c9e2d8a82ce', u'c9e2d8a82ce6', u'c9e2d8a82ce64']"
155,490,מנשיה,1,קויפמן יחזקאל,0,"32.05693,34.75972",155,"[u'c', u'c9', u'c9e', u'c9e2', u'c9e2c', u'c9e2c7', u'c9e2c73', u'c9e2c73f', u'c9e2c73fd', u'c9e2c73fd3', u'c9e2c73fd30', u'c9e2c73fd308', u'c9e2c73fd3083']"
156,337,הברזל(האבטיחי,22,הברזל,0,"32.1085,34.83902",156,"[u'c', u'c9', u'c9e', u'c9e2', u'c9e2d', u'c9e2d8', u'c9e2d89', u'c9e2d89c', u'c9e2d89c3', u'c9e2d89c32', u'c9e2d89c328', u'c9e2d89c3282', u'c9e2d89c32820']"
157,41,המשולש,0,פרסיץ שושנה,0,"32.13139,34.79439",157,"[u'c', u'c9', u'c9e', u'c9e2', u'c9e2c', u'c9e2cf', u'c9e2cf5', u'c9e2cf5c', u'c9e2cf5c8', u'c9e2cf5c8c', u'c9e2cf5c8ca', u'c9e2cf5c8ca8', u'c9e2cf5c8ca88']"
158,214,מכללת לוינסקי,15,פרסיץ שושנה,0,"32.13609,34.79747",158,"[u'c', u'c9', u'c9e', u'c9e2', u'c9e2c', u'c9e2cf', u'c9e2cf7', u'c9e2cf74', u'c9e2cf746', u'c9e2cf746c', u'c9e2cf746c7', u'c9e2cf746c75', u'c9e2cf746c75c']"
159,207,המכללה למינהל,9,פרסיץ שושנה,0,"32.13503,34.79691",159,"[u'c', u'c9', u'c9e', u'c9e2', u'c9e2c', u'c9e2cf', u'c9e2cf7', u'c9e2cf74', u'c9e2cf744', u'c9e2cf7441', u'c9e2cf74411', u'c9e2cf744113', u'c9e2cf744113e']"
16,180,"גלי צה""ל",21,נועם,0,"32.05105,34.75712",16,"[u'c', u'c9', u'c9e', u'c9e2', u'c9e2c', u'c9e2c7', u'c9e2c73', u'c9e2c737', u'c9e2c7373', u'c9e2c73739', u'c9e2c73739b', u'c9e2c73739bd', u'c9e2c73739bd2']"
160,259,מדעי החברה,2,"וויז ג'ורג' ד""ר",0,"32.10654,34.8021",160,"[u'c', u'c9', u'c9e', u'c9e2', u'c9e2c', u'c9e2cd', u'c9e2cdd', u'c9e2cdd7', u'c9e2cdd7c', u'c9e2cdd7c8', u'c9e2cdd7c81', u'c9e2cdd7c81d', u'c9e2cdd7c81d3']"
161,390,הארד,2,הארד,0,"32.11123,34.84118",161,"[u'c', u'c9', u'c9e', u'c9e2', u'c9e2d', u'c9e2d8', u'c9e2d89', u'c9e2d89e', u'c9e2d89e6', u'c9e2d89e66', u'c9e2d89e663', u'c9e2d89e663a', u'c9e2d89e663ac']"
162,258,שרבט סהר,3,שנקר אריה,0,"32.02782,34.77692",162,"[u'c', u'c9', u'c9e', u'c9e2', u'c9e2c', u'c9e2c5', u'c9e2c5e', u'c9e2c5e4', u'c9e2c5e4f', u'c9e2c5e4ff', u'c9e2c5e4ff8', u'c9e2c5e4ff83', u'c9e2c5e4ff835']"
163,350,מגדל הסחר הבינלאומי,3,שנקר אריה,0,"32.02782,34.77692",163,"[u'c', u'c9', u'c9e', u'c9e2', u'c9e2c', u'c9e2c5', u'c9e2c5e', u'c9e2c5e4', u'c9e2c5e4f', u'c9e2c5e4ff', u'c9e2c5e4ff8', u'c9e2c5e4ff83', u'c9e2c5e4ff835']"
164,12,בית השואבה,10,בית השואבה,0,"32.06622,34.77127",164,"[u'c', u'c9', u'c9e', u'c9e2', u'c9e2c', u'c9e2c7', u'c9e2c7c', u'c9e2c7c9', u'c9e2c7c9f', u'c9e2c7c9fe', u'c9e2c7c9fe6', u'c9e2c7c9fe64', u'c9e2c7c9fe646']"
165,20,הקונגרס,11,הקונגרס,0,"32.05704,34.77395",165,"[u'c', u'c9', u'c9e', u'c9e2', u'c9e2c', u'c9e2c7', u'c9e2c76', u'c9e2c76e', u'c9e2c76e9', u'c9e2c76e96', u'c9e2c76e96b', u'c9e2c76e96b5', u'c9e2c76e96b5c']"
166,48,י.ל. פרץ 40,40,פרץ י ל,0,"32.05873,34.77696",166,"[u'c', u'c9', u'c9e', u'c9e2', u'c9e2c', u'c9e2c7', u'c9e2c7c', u'c9e2c7c4', u'c9e2c7c45', u'c9e2c7c45f', u'c9e2c7c45f8', u'c9e2c7c45f8d', u'c9e2c7c45f8d5']"
167,180,ע.לירון,24,בגין מנחם,0,"32.0606,34.77644",167,"[u'c', u'c9', u'c9e', u'c9e2', u'c9e2c', u'c9e2c7', u'c9e2c7c', u'c9e2c7c4', u'c9e2c7c4f', u'c9e2c7c4f9', u'c9e2c7c4f9c', u'c9e2c7c4f9c5', u'c9e2c7c4f9c5c']"
168,89,עצמאות,16,נחמני,0,"32.06616,34.7741",168,"[u'c', u'c9', u'c9e', u'c9e2', u'c9e2c', u'c9e2c7', u'c9e2c7c', u'c9e2c7cc', u'c9e2c7ccb', u'c9e2c7ccbc', u'c9e2c7ccbcf', u'c9e2c7ccbcfc', u'c9e2c7ccbcfcc']"
169,63,"מלון דן ת""א",4,פרישמן,0,"32.07993,34.76795",169,"[u'c', u'c9', u'c9e', u'c9e2', u'c9e2c', u'c9e2c7', u'c9e2c7e', u'c9e2c7eb', u'c9e2c7ebb', u'c9e2c7ebba', u'c9e2c7ebba5', u'c9e2c7ebba5d', u'c9e2c7ebba5d5']"
17,70,משה סנה,54,סנה משה,0,"32.12461,34.82471",17,"[u'c', u'c9', u'c9e', u'c9e2', u'c9e2d', u'c9e2da', u'c9e2da0', u'c9e2da05', u'c9e2da054', u'c9e2da054e', u'c9e2da054e3', u'c9e2da054e39', u'c9e2da054e398']"
170,79,בן סרוק 1,1,בן סרוק,0,"32.08517,34.78332",170,"[u'c', u'c9', u'c9e', u'c9e2', u'c9e2c', u'c9e2cd', u'c9e2cd5', u'c9e2cd52', u'c9e2cd52a', u'c9e2cd52a3', u'c9e2cd52a3d', u'c9e2cd52a3d8', u'c9e2cd52a3d88']"
171,107,הצפירה 2,2,הצפירה,0,"32.06211,34.78091",171,"[u'c', u'c9', u'c9e', u'c9e2', u'c9e2c', u'c9e2c7', u'c9e2c7c', u'c9e2c7c7', u'c9e2c7c76', u'c9e2c7c76e', u'c9e2c7c76e6', u'c9e2c7c76e67', u'c9e2c7c76e675']"
172,84, הצפירה,8,הצפירה,0,"32.06125,34.78195",172,"[u'c', u'c9', u'c9e', u'c9e2', u'c9e2c', u'c9e2c7', u'c9e2c7c', u'c9e2c7c7', u'c9e2c7c75', u'c9e2c7c759', u'c9e2c7c7597', u'c9e2c7c75972', u'c9e2c7c759721']"
173,219,שמי בר,1,בוקסנבאום יוסף,0,"32.06635,34.79396",173,"[u'c', u'c9', u'c9e', u'c9e2', u'c9e2c', u'c9e2c7', u'c9e2c7d', u'c9e2c7de', u'c9e2c7de0', u'c9e2c7de00', u'c9e2c7de005', u'c9e2c7de0050', u'c9e2c7de00502']"
174,68,סלואדור,0,סלואדור,0,"32.16624,34.81247",174,"[u'c', u'c9', u'c9e', u'c9e2', u'c9e2d', u'c9e2da', u'c9e2daa', u'c9e2daab', u'c9e2daab3', u'c9e2daab36', u'c9e2daab36e', u'c9e2daab36ec', u'c9e2daab36ece']"
175,155,הנדסאים,1,בן ישי,0,"32.10571,34.80158",175,"[u'c', u'c9', u'c9e', u'c9e2', u'c9e2c', u'c9e2cd', u'c9e2cdd', u'c9e2cdd7', u'c9e2cdd73', u'c9e2cdd736', u'c9e2cdd7367', u'c9e2cdd73677', u'c9e2cdd736770']"
176,249,עתידים,5,2184,0,"32.1146,34.84329",176,"[u'c', u'c9', u'c9e', u'c9e2', u'c9e2d', u'c9e2d8', u'c9e2d8b', u'c9e2d8b5', u'c9e2d8b58', u'c9e2d8b582', u'c9e2d8b5821', u'c9e2d8b58217', u'c9e2d8b582178']"
177,288,הלוחמים,15,הלוחמים,0,"32.02983,34.77148",177,"[u'c', u'c9', u'c9e', u'c9e2', u'c9e2c', u'c9e2c5', u'c9e2c5e', u'c9e2c5e3', u'c9e2c5e3d', u'c9e2c5e3df', u'c9e2c5e3df3', u'c9e2c5e3df30', u'c9e2c5e3df309']"
178,170,הלולאה,1,"ת""א - חיפה",0,"32.82565,34.98658",178,"[u'c', u'c9', u'c9e', u'c9e8', u'c9e8d', u'c9e8dc', u'c9e8dca', u'c9e8dcab', u'c9e8dcab2', u'c9e8dcab2b', u'c9e8dcab2b7', u'c9e8dcab2b70', u'c9e8dcab2b707']"
179,335,עבודה סוציאלית והנדסה,8,"וויז ג'ורג' ד""ר",0,"32.10746,34.80243",179,"[u'c', u'c9', u'c9e', u'c9e2', u'c9e2c', u'c9e2cd', u'c9e2cdd', u'c9e2cdd7', u'c9e2cdd7e', u'c9e2cdd7eb', u'c9e2cdd7eb9', u'c9e2cdd7eb94', u'c9e2cdd7eb945']"
18,53,בית החייל,60,ויצמן,0,"32.09034,34.7906",18,"[u'c', u'c9', u'c9e', u'c9e2', u'c9e2c', u'c9e2cd', u'c9e2cd5', u'c9e2cd5b', u'c9e2cd5b9', u'c9e2cd5b9e', u'c9e2cd5b9ef', u'c9e2cd5b9ef5', u'c9e2cd5b9ef53']"
180,35,מרמורק 18,18,מרמורק,0,"32.0714,34.78074",180,"[u'c', u'c9', u'c9e', u'c9e2', u'c9e2c', u'c9e2c7', u'c9e2c7e', u'c9e2c7e5', u'c9e2c7e5e', u'c9e2c7e5e6', u'c9e2c7e5e62', u'c9e2c7e5e62f', u'c9e2c7e5e62f5']"
181,84,מפעל הפיס,5,דה וינצ'י לאונרד,0,"32.06616,34.77782",181,"[u'c', u'c9', u'c9e', u'c9e2', u'c9e2c', u'c9e2c7', u'c9e2c7c', u'c9e2c7cd', u'c9e2c7cda', u'c9e2c7cda9', u'c9e2c7cda9e', u'c9e2c7cda9ed', u'c9e2c7cda9edd']"
182,109,נדב מאיר,6,קויפמן יחזקאל,0,"32.06411,34.7622",182,"[u'c', u'c9', u'c9e', u'c9e2', u'c9e2c', u'c9e2c7', u'c9e2c7c', u'c9e2c7c8', u'c9e2c7c81', u'c9e2c7c818', u'c9e2c7c818a', u'c9e2c7c818af', u'c9e2c7c818afd']"
183,999,חוף תל-ברוך,1,ארצי יצחק,0,"32.12201,34.78498",183,"[u'c', u'c9', u'c9e', u'c9e2', u'c9e2c', u'c9e2cd', u'c9e2cdf', u'c9e2cdfa', u'c9e2cdfa3', u'c9e2cdfa34', u'c9e2cdfa346', u'c9e2cdfa3461', u'c9e2cdfa34616']"
184,24,ישראל,56,מטלון,0,"32.05853,34.7741",184,"[u'c', u'c9', u'c9e', u'c9e2', u'c9e2c', u'c9e2c7', u'c9e2c7c', u'c9e2c7c4', u'c9e2c7c41', u'c9e2c7c41c', u'c9e2c7c41c7', u'c9e2c7c41c7e', u'c9e2c7c41c7ec']"
185,582,בית הדר,3,הרכבת,0,"32.06348,34.77682",185,"[u'c', u'c9', u'c9e', u'c9e2', u'c9e2c', u'c9e2c7', u'c9e2c7c', u'c9e2c7c6', u'c9e2c7c6f', u'c9e2c7c6fe', u'c9e2c7c6fe7', u'c9e2c7c6fe71', u'c9e2c7c6fe71b']"
186,37,יסוד המעלה,43,יסוד המעלה,0,"32.05814,34.78107",186,"[u'c', u'c9', u'c9e', u'c9e2', u'c9e2c', u'c9e2c7', u'c9e2c7c', u'c9e2c7c5', u'c9e2c7c54', u'c9e2c7c545', u'c9e2c7c5450', u'c9e2c7c5450f', u'c9e2c7c5450f1']"
187,173,תל נורדאו,28,פרישמן,0,"32.07982,34.77166",187,"[u'c', u'c9', u'c9e', u'c9e2', u'c9e2c', u'c9e2c7', u'c9e2c7e', u'c9e2c7eb', u'c9e2c7ebf', u'c9e2c7ebfd', u'c9e2c7ebfd7', u'c9e2c7ebfd7a', u'c9e2c7ebfd7af']"
188,54, בני דן,7,אוסישקין,0,"32.09563,34.77798",188,"[u'c', u'c9', u'c9e', u'c9e2', u'c9e2c', u'c9e2cd', u'c9e2cd6', u'c9e2cd67', u'c9e2cd678', u'c9e2cd678c', u'c9e2cd678c8', u'c9e2cd678c87', u'c9e2cd678c879']"
189,213,בזל,7,אשתורי הפרחי,0,"32.09055,34.78028",189,"[u'c', u'c9', u'c9e', u'c9e2', u'c9e2c', u'c9e2cd', u'c9e2cd4', u'c9e2cd4f', u'c9e2cd4fe', u'c9e2cd4fe2', u'c9e2cd4fe25', u'c9e2cd4fe254', u'c9e2cd4fe2544']"
19,24,סופרמרקט פנקס 48,48,פנקס דוד צבי,0,"32.08126,34.87996",19,"[u'c', u'c9', u'c9e', u'c9e2', u'c9e2d', u'c9e2d8', u'c9e2d85', u'c9e2d851', u'c9e2d8516', u'c9e2d8516d', u'c9e2d8516da', u'c9e2d8516dad', u'c9e2d8516dad5']"
190,68,סעדיה גאון,20,סעדיה גאון,0,"32.06738,34.78236",190,"[u'c', u'c9', u'c9e', u'c9e2', u'c9e2c', u'c9e2c7', u'c9e2c7c', u'c9e2c7cf', u'c9e2c7cf7', u'c9e2c7cf7c', u'c9e2c7cf7c5', u'c9e2c7cf7c55', u'c9e2c7cf7c553']"
191,106,שלומציון המלכה,38,שלומציון המלכה,0,"32.09512,34.78886",191,"[u'c', u'c9', u'c9e', u'c9e2', u'c9e2c', u'c9e2cd', u'c9e2cd7', u'c9e2cd73', u'c9e2cd732', u'c9e2cd732b', u'c9e2cd732bd', u'c9e2cd732bdc', u'c9e2cd732bdc1']"
192,123,בית לסין,9,חברה חדשה,0,"32.08547,34.79066",192,"[u'c', u'c9', u'c9e', u'c9e2', u'c9e2c', u'c9e2cd', u'c9e2cd5', u'c9e2cd53', u'c9e2cd53b', u'c9e2cd53bf', u'c9e2cd53bf2', u'c9e2cd53bf2c', u'c9e2cd53bf2c9']"
193,152,"הפלמ""ח",68,אלון יגאל,0,"32.06309,34.7922",193,"[u'c', u'c9', u'c9e', u'c9e2', u'c9e2c', u'c9e2c7', u'c9e2c7d', u'c9e2c7d3', u'c9e2c7d3e', u'c9e2c7d3e7', u'c9e2c7d3e74', u'c9e2c7d3e744', u'c9e2c7d3e7448']"
194,231,ברוריה,151,אלון יגאל,0,"32.07783,34.79691",194,"[u'c', u'c9', u'c9e', u'c9e2', u'c9e2c', u'c9e2c7', u'c9e2c7f', u'c9e2c7fe', u'c9e2c7fe4', u'c9e2c7fe49', u'c9e2c7fe49b', u'c9e2c7fe49b9', u'c9e2c7fe49b96']"
195,125,  1 דובנוב,4,דובנוב,0,"32.0741,34.78363",195,"[u'c', u'c9', u'c9e', u'c9e2', u'c9e2c', u'c9e2c7', u'c9e2c7f', u'c9e2c7f2', u'c9e2c7f2a', u'c9e2c7f2a6', u'c9e2c7f2a64', u'c9e2c7f2a64c', u'c9e2c7f2a64ce']"
196,119,דובנוב 2,3,דובנוב,0,"32.07421,34.78355",196,"[u'c', u'c9', u'c9e', u'c9e2', u'c9e2c', u'c9e2c7', u'c9e2c7f', u'c9e2c7f2', u'c9e2c7f2a', u'c9e2c7f2a6', u'c9e2c7f2a6b', u'c9e2c7f2a6b6', u'c9e2c7f2a6b65']"
197,55,סולד,4,סולד הנרייטה,0,"32.07956,34.79141",197,"[u'c', u'c9', u'c9e', u'c9e2', u'c9e2c', u'c9e2c7', u'c9e2c7f', u'c9e2c7fb', u'c9e2c7fbe', u'c9e2c7fbe1', u'c9e2c7fbe1b', u'c9e2c7fbe1bb', u'c9e2c7fbe1bb8']"
198,250,מירשם,25,קלצ'קין,0,"32.11739,34.80663",198,"[u'c', u'c9', u'c9e', u'c9e2', u'c9e2d', u'c9e2d8', u'c9e2d8a', u'c9e2d8a2', u'c9e2d8a29', u'c9e2d8a293', u'c9e2d8a2936', u'c9e2d8a29366', u'c9e2d8a29366c']"
199,103,מיטשל,70,לבנון חיים,0,"32.11769,34.80155",199,"[u'c', u'c9', u'c9e', u'c9e2', u'c9e2c', u'c9e2cd', u'c9e2cdf', u'c9e2cdf7', u'c9e2cdf79', u'c9e2cdf79e', u'c9e2cdf79e5', u'c9e2cdf79e53', u'c9e2cdf79e53d']"
2,161,התערוכה 3,3,התערוכה,0,"32.09722,34.77562",2,"[u'c', u'c9', u'c9e', u'c9e2', u'c9e2c', u'c9e2cd', u'c9e2cd6', u'c9e2cd6c', u'c9e2cd6c4', u'c9e2cd6c4f', u'c9e2cd6c4fb', u'c9e2cd6c4fb3', u'c9e2cd6c4fb39']"
20,3085,מרכז עזריאלי,132,בגין מנחם,0,"32.07438,34.79101",20,"[u'c', u'c9', u'c9e', u'c9e2', u'c9e2c', u'c9e2c7', u'c9e2c7f', u'c9e2c7f3', u'c9e2c7f3e', u'c9e2c7f3e8', u'c9e2c7f3e8a', u'c9e2c7f3e8a4', u'c9e2c7f3e8a4e']"
200,373,חנה וסע מערב רידינג,7,רוקח ישראל,0,"32.08751,34.81107",200,"[u'c', u'c9', u'c9e', u'c9e2', u'c9e2d', u'c9e2d8', u'c9e2d80', u'c9e2d809', u'c9e2d8098', u'c9e2d8098e', u'c9e2d8098e6', u'c9e2d8098e61', u'c9e2d8098e619']"
201,287,שדה דב,,אשכול לוי,0,"32.11185,34.7895",201,"[u'c', u'c9', u'c9e', u'c9e2', u'c9e2c', u'c9e2cd', u'c9e2cdd', u'c9e2cddb', u'c9e2cddb8', u'c9e2cddb87', u'c9e2cddb875', u'c9e2cddb8752', u'c9e2cddb87522']"
202,174,גן הכובשים,5,לוי יוסף גונדר,0,"32.06616,34.77782",202,"[u'c', u'c9', u'c9e', u'c9e2', u'c9e2c', u'c9e2c7', u'c9e2c7c', u'c9e2c7cd', u'c9e2c7cda', u'c9e2c7cda9', u'c9e2c7cda9e', u'c9e2c7cda9ed', u'c9e2c7cda9edd']"
203,70,מיניסטר(נאות אביב,7,דובנוב,0,"32.07518,34.78345",203,"[u'c', u'c9', u'c9e', u'c9e2', u'c9e2c', u'c9e2c7', u'c9e2c7f', u'c9e2c7f8', u'c9e2c7f80', u'c9e2c7f80e', u'c9e2c7f80e2', u'c9e2c7f80e2e', u'c9e2c7f80e2e3']"
204,302,נאות אביב,30,אבן גבירול,0,"32.07497,34.78175",204,"[u'c', u'c9', u'c9e', u'c9e2', u'c9e2c', u'c9e2c7', u'c9e2c7e', u'c9e2c7ed', u'c9e2c7ed5', u'c9e2c7ed59', u'c9e2c7ed590', u'c9e2c7ed590f', u'c9e2c7ed590fa']"
205,1022,גולדה,2,ברקוביץ,0,"32.07837,34.78771",205,"[u'c', u'c9', u'c9e', u'c9e2', u'c9e2c', u'c9e2c7', u'c9e2c7f', u'c9e2c7fa', u'c9e2c7fa7', u'c9e2c7fa7c', u'c9e2c7fa7c4', u'c9e2c7fa7c40', u'c9e2c7fa7c40f']"
206,1006,גן העיר,71,אבן גבירול,0,"32.08279,34.78122",206,"[u'c', u'c9', u'c9e', u'c9e2', u'c9e2c', u'c9e2cd', u'c9e2cd4', u'c9e2cd45', u'c9e2cd45e', u'c9e2cd45ef', u'c9e2cd45efe', u'c9e2cd45efe4', u'c9e2cd45efe4b']"
207,241,שיטרית בכור,2,שיטרית בכור,0,"32.06616,34.77782",207,"[u'c', u'c9', u'c9e', u'c9e2', u'c9e2c', u'c9e2c7', u'c9e2c7c', u'c9e2c7cd', u'c9e2c7cda', u'c9e2c7cda9', u'c9e2c7cda9e', u'c9e2c7cda9ed', u'c9e2c7cda9edd']"
208,308,הכרמל,26,דניאל,0,"32.02386,34.7501",208,"[u'c', u'c9', u'c9e', u'c9e2', u'c9e2c', u'c9e2c5', u'c9e2c59', u'c9e2c59e', u'c9e2c59e8', u'c9e2c59e81', u'c9e2c59e818', u'c9e2c59e8180', u'c9e2c59e81800']"
209,393,בכור שיטרית 10,10,שיטרית בכור,0,"32.06616,34.77782",209,"[u'c', u'c9', u'c9e', u'c9e2', u'c9e2c', u'c9e2c7', u'c9e2c7c', u'c9e2c7cd', u'c9e2c7cda', u'c9e2c7cda9', u'c9e2c7cda9e', u'c9e2c7cda9ed', u'c9e2c7cda9edd']"
21,45,מרים החשמונאית,38,מרים החשמונאית,0,"32.09521,34.78443",21,"[u'c', u'c9', u'c9e', u'c9e2', u'c9e2c', u'c9e2cd', u'c9e2cd7', u'c9e2cd72', u'c9e2cd729', u'c9e2cd7290', u'c9e2cd72905', u'c9e2cd72905d', u'c9e2cd72905d7']"
210,325,שיטרית 6,6,שיטרית בכור,0,"32.06616,34.77782",210,"[u'c', u'c9', u'c9e', u'c9e2', u'c9e2c', u'c9e2c7', u'c9e2c7c', u'c9e2c7cd', u'c9e2c7cda', u'c9e2c7cda9', u'c9e2c7cda9e', u'c9e2c7cda9ed', u'c9e2c7cda9edd']"
211,53,מזרח רידינג 1,7,רוקח ישראל,0,"32.08751,34.81107",211,"[u'c', u'c9', u'c9e', u'c9e2', u'c9e2d', u'c9e2d8', u'c9e2d80', u'c9e2d809', u'c9e2d8098', u'c9e2d8098e', u'c9e2d8098e6', u'c9e2d8098e61', u'c9e2d8098e619']"
212,171,)מזרח רידינג 2גרירות,7,רוקח ישראל,0,"32.08751,34.81107",212,"[u'c', u'c9', u'c9e', u'c9e2', u'c9e2d', u'c9e2d8', u'c9e2d80', u'c9e2d809', u'c9e2d8098', u'c9e2d8098e', u'c9e2d8098e6', u'c9e2d8098e61', u'c9e2d8098e619']"
213,234,בן סרוק 5,5,בן סרוק,0,"32.08629,34.78355",213,"[u'c', u'c9', u'c9e', u'c9e2', u'c9e2c', u'c9e2cd', u'c9e2cd5', u'c9e2cd58', u'c9e2cd582', u'c9e2cd5824', u'c9e2cd58241', u'c9e2cd58241c', u'c9e2cd58241cf']"
214,61, שרתון,1,נמל תל אביב,0,"32.09364,34.77227",214,"[u'c', u'c9', u'c9e', u'c9e2', u'c9e2c', u'c9e2cd', u'c9e2cd6', u'c9e2cd64', u'c9e2cd64a', u'c9e2cd64ab', u'c9e2cd64ab4', u'c9e2cd64ab41', u'c9e2cd64ab410']"
215,61,אתרים 2,133,הירקון,0,"32.08298,34.76886",215,"[u'c', u'c9', u'c9e', u'c9e2', u'c9e2c', u'c9e2cd', u'c9e2cd4', u'c9e2cd43', u'c9e2cd431', u'c9e2cd4315', u'c9e2cd4315e', u'c9e2cd4315ec', u'c9e2cd4315ec3']"
216,22,פינסקר 52,52,פינסקר,0,"32.07651,34.7725",216,"[u'c', u'c9', u'c9e', u'c9e2', u'c9e2c', u'c9e2c7', u'c9e2c7e', u'c9e2c7ec', u'c9e2c7ec8', u'c9e2c7ec8e', u'c9e2c7ec8e0', u'c9e2c7ec8e0f', u'c9e2c7ec8e0f7']"
217,177,סעדיה גאון 21,21,סעדיה גאון,0,"32.06786,34.78225",217,"[u'c', u'c9', u'c9e', u'c9e2', u'c9e2c', u'c9e2c7', u'c9e2c7c', u'c9e2c7cf', u'c9e2c7cfd', u'c9e2c7cfd4', u'c9e2c7cfd4e', u'c9e2c7cfd4e6', u'c9e2c7cfd4e61']"
218,359,(הארבעה) גבעון,1,גבעון,0,"32.06999,34.78347",218,"[u'c', u'c9', u'c9e', u'c9e2', u'c9e2c', u'c9e2c7', u'c9e2c7f', u'c9e2c7f0', u'c9e2c7f02', u'c9e2c7f026', u'c9e2c7f0260', u'c9e2c7f0260f', u'c9e2c7f0260f8']"
219,191,(יד חרוצים 12) קרסו,12,יד חרוצים,0,"32.0619,34.78267",219,"[u'c', u'c9', u'c9e', u'c9e2', u'c9e2c', u'c9e2c7', u'c9e2c7c', u'c9e2c7c7', u'c9e2c7c77', u'c9e2c7c77d', u'c9e2c7c77d5', u'c9e2c7c77d53', u'c9e2c7c77d53d']"
22,98,בית קלקא,35,"הנצי""ב",0,"32.07096,34.79039",22,"[u'c', u'c9', u'c9e', u'c9e2', u'c9e2c', u'c9e2c7', u'c9e2c7f', u'c9e2c7f1', u'c9e2c7f19', u'c9e2c7f19c', u'c9e2c7f19cb', u'c9e2c7f19cb9', u'c9e2c7f19cb94']"
220,14,מ.מ.א.,25,אחד העם,0,"32.06429,34.77288",220,"[u'c', u'c9', u'c9e', u'c9e2', u'c9e2c', u'c9e2c7', u'c9e2c7c', u'c9e2c7cc', u'c9e2c7cc2', u'c9e2c7cc25', u'c9e2c7cc251', u'c9e2c7cc2511', u'c9e2c7cc25116']"
221,15,צ'לנוב,7,צ'לנוב,0,"32.05942,34.7757",221,"[u'c', u'c9', u'c9e', u'c9e2', u'c9e2c', u'c9e2c7', u'c9e2c7c', u'c9e2c7c4', u'c9e2c7c46', u'c9e2c7c46f', u'c9e2c7c46fc', u'c9e2c7c46fc9', u'c9e2c7c46fc98']"
222,107,"שאמלו בע""מ",2,בן צבי,0,"32.05067,34.7593",222,"[u'c', u'c9', u'c9e', u'c9e2', u'c9e2c', u'c9e2c7', u'c9e2c73', u'c9e2c737', u'c9e2c7376', u'c9e2c73765', u'c9e2c73765d', u'c9e2c73765d8', u'c9e2c73765d8f']"
223,743,ת.מ.ח.ת,108,לוינסקי,0,"32.05664,34.77985",223,"[u'c', u'c9', u'c9e', u'c9e2', u'c9e2c', u'c9e2c7', u'c9e2c76', u'c9e2c76f', u'c9e2c76f3', u'c9e2c76f3f', u'c9e2c76f3f6', u'c9e2c76f3f6e', u'c9e2c76f3f6e3']"
224,17,לוינסקי 62,62,לוינסקי,0,"32.05894,34.77467",224,"[u'c', u'c9', u'c9e', u'c9e2', u'c9e2c', u'c9e2c7', u'c9e2c7c', u'c9e2c7c4', u'c9e2c7c46', u'c9e2c7c460', u'c9e2c7c460e', u'c9e2c7c460e3', u'c9e2c7c460e3a']"
225,259,רח' המלאכה,74,בגין מנחם,0,"32.06664,34.78458",225,"[u'c', u'c9', u'c9e', u'c9e2', u'c9e2c', u'c9e2c7', u'c9e2c7d', u'c9e2c7da', u'c9e2c7da1', u'c9e2c7da13', u'c9e2c7da139', u'c9e2c7da139e', u'c9e2c7da139e7']"
226,100,רפואת שיניים 1,4,קלצ'קין,0,"32.11774,34.80408",226,"[u'c', u'c9', u'c9e', u'c9e2', u'c9e2c', u'c9e2cd', u'c9e2cdf', u'c9e2cdf7', u'c9e2cdf7d', u'c9e2cdf7de', u'c9e2cdf7de2', u'c9e2cdf7de2d', u'c9e2cdf7de2d6']"
227,108,מוהליבר 18,18,מוהליבר,0,"32.06563,34.76831",227,"[u'c', u'c9', u'c9e', u'c9e2', u'c9e2c', u'c9e2c7', u'c9e2c7c', u'c9e2c7c9', u'c9e2c7c99', u'c9e2c7c99e', u'c9e2c7c99ea', u'c9e2c7c99ea2', u'c9e2c7c99ea26']"
228,67,רפואת שיניים 2,6,קלצ'קין,0,"32.11774,34.80408",228,"[u'c', u'c9', u'c9e', u'c9e2', u'c9e2c', u'c9e2cd', u'c9e2cdf', u'c9e2cdf7', u'c9e2cdf7d', u'c9e2cdf7de', u'c9e2cdf7de2', u'c9e2cdf7de2d', u'c9e2cdf7de2d6']"
229,7,רוטשילד 8,8,רוטשילד,0,"32.06281,34.7699",229,"[u'c', u'c9', u'c9e', u'c9e2', u'c9e2c', u'c9e2c7', u'c9e2c7c', u'c9e2c7c3', u'c9e2c7c3c', u'c9e2c7c3ce', u'c9e2c7c3ce6', u'c9e2c7c3ce6c', u'c9e2c7c3ce6c7']"
23,24,הנציב,36,"הנצי""ב",0,"32.07096,34.79039",23,"[u'c', u'c9', u'c9e', u'c9e2', u'c9e2c', u'c9e2c7', u'c9e2c7f', u'c9e2c7f1', u'c9e2c7f19', u'c9e2c7f19c', u'c9e2c7f19cb', u'c9e2c7f19cb9', u'c9e2c7f19cb94']"
230,397,גלית,3,וינגייט,0,"32.06007,34.78806",230,"[u'c', u'c9', u'c9e', u'c9e2', u'c9e2c', u'c9e2c7', u'c9e2c7d', u'c9e2c7d0', u'c9e2c7d0d', u'c9e2c7d0df', u'c9e2c7d0df6', u'c9e2c7d0df6b', u'c9e2c7d0df6b0']"
231,143,פנחס רוזן,51,רוזן פנחס,0,"32.1126,34.82524",231,"[u'c', u'c9', u'c9e', u'c9e2', u'c9e2d', u'c9e2d8', u'c9e2d88', u'c9e2d88f', u'c9e2d88fe', u'c9e2d88fe7', u'c9e2d88fe77', u'c9e2d88fe77b', u'c9e2d88fe77b7']"
232,180,וולפסון,120,השלום,0,"32.05972,34.80737",232,"[u'c', u'c9', u'c9e', u'c9e2', u'c9e2d', u'c9e2d2', u'c9e2d28', u'c9e2d280', u'c9e2d2809', u'c9e2d28097', u'c9e2d280977', u'c9e2d2809779', u'c9e2d28097792']"
233,70,(הים (לגרירות,5,הירקון,0,"32.06836,34.76417",233,"[u'c', u'c9', u'c9e', u'c9e2', u'c9e2c', u'c9e2c7', u'c9e2c7c', u'c9e2c7ca', u'c9e2c7cac', u'c9e2c7cacb', u'c9e2c7cacbd', u'c9e2c7cacbdf', u'c9e2c7cacbdfe']"
234,12,מיקוניס מנויים,8,המסגר,0,"32.06052,34.7846",234,"[u'c', u'c9', u'c9e', u'c9e2', u'c9e2c', u'c9e2c7', u'c9e2c7d', u'c9e2c7d0', u'c9e2c7d0b', u'c9e2c7d0b9', u'c9e2c7d0b91', u'c9e2c7d0b917', u'c9e2c7d0b9175']"
235,350,מבצע קדש,220,בני אפרים,0,"32.11665,34.81761",235,"[u'c', u'c9', u'c9e', u'c9e2', u'c9e2d', u'c9e2d8', u'c9e2d8a', u'c9e2d8a6', u'c9e2d8a63', u'c9e2d8a633', u'c9e2d8a6334', u'c9e2d8a63344', u'c9e2d8a633448']"
236,120,ברנט,14,ברנט,0,"32.0607,34.76276",236,"[u'c', u'c9', u'c9e', u'c9e2', u'c9e2c', u'c9e2c7', u'c9e2c7c', u'c9e2c7c0', u'c9e2c7c0b', u'c9e2c7c0bb', u'c9e2c7c0bb5', u'c9e2c7c0bb56', u'c9e2c7c0bb56a']"
237,36,רובין,2,"ת""א - חיפה",0,"32.46673,34.89705",237,"[u'c', u'c9', u'c9e', u'c9e8', u'c9e85', u'c9e859', u'c9e859a', u'c9e859a0', u'c9e859a0f', u'c9e859a0f1', u'c9e859a0f12', u'c9e859a0f128', u'c9e859a0f1289']"
238,150,חסן בק,,הכובשים,0,"32.06937,34.76604",238,"[u'c', u'c9', u'c9e', u'c9e2', u'c9e2c', u'c9e2c7', u'c9e2c7e', u'c9e2c7e0', u'c9e2c7e05', u'c9e2c7e057', u'c9e2c7e0579', u'c9e2c7e05796', u'c9e2c7e05796f']"
239,61,מכון התקנים(גרירות),,"וויז ג'ורג' ד""ר",0,"32.10881,34.8031",239,"[u'c', u'c9', u'c9e', u'c9e2', u'c9e2c', u'c9e2cd', u'c9e2cdd', u'c9e2cddd', u'c9e2cddd6', u'c9e2cddd6f', u'c9e2cddd6f3', u'c9e2cddd6f3c', u'c9e2cddd6f3c0']"
24,122,בית מונטיפיורי,22,איסרליש,0,"32.07129,34.79218",24,"[u'c', u'c9', u'c9e', u'c9e2', u'c9e2c', u'c9e2c7', u'c9e2c7f', u'c9e2c7f1', u'c9e2c7f1e', u'c9e2c7f1e5', u'c9e2c7f1e5e', u'c9e2c7f1e5e1', u'c9e2c7f1e5e1a']"
240,410, דרום,10,"וויז ג'ורג' ד""ר",0,"32.10755,34.80247",240,"[u'c', u'c9', u'c9e', u'c9e2', u'c9e2c', u'c9e2cd', u'c9e2cdd', u'c9e2cddd', u'c9e2cddd4', u'c9e2cddd41', u'c9e2cddd414', u'c9e2cddd4140', u'c9e2cddd4140c']"
241,49,יפו העתיקה מזרח,13,הצורפים,0,"32.05349,34.75352",241,"[u'c', u'c9', u'c9e', u'c9e2', u'c9e2c', u'c9e2c7', u'c9e2c73', u'c9e2c73c', u'c9e2c73c6', u'c9e2c73c66', u'c9e2c73c665', u'c9e2c73c6657', u'c9e2c73c6657b']"
242,71,פיאצה,31,המרד,0,"32.06465,34.7643",242,"[u'c', u'c9', u'c9e', u'c9e2', u'c9e2c', u'c9e2c7', u'c9e2c7c', u'c9e2c7c8', u'c9e2c7c86', u'c9e2c7c86c', u'c9e2c7c86c1', u'c9e2c7c86c13', u'c9e2c7c86c13f']"
243,84,שלונסקי,230,בני אפרים,0,"32.1172,34.81784",243,"[u'c', u'c9', u'c9e', u'c9e2', u'c9e2d', u'c9e2d8', u'c9e2d8a', u'c9e2d8a6', u'c9e2d8a69', u'c9e2d8a694', u'c9e2d8a6943', u'c9e2d8a69430', u'c9e2d8a694305']"
244,152,רפידים,0,רפידים,0,"32.10918,34.81358",244,"[u'c', u'c9', u'c9e', u'c9e2', u'c9e2d', u'c9e2d8', u'c9e2d88', u'c9e2d889', u'c9e2d889c', u'c9e2d889c3', u'c9e2d889c3d', u'c9e2d889c3d4', u'c9e2d889c3d43']"
245,90,אבולעפיה,36,קבוץ גלויות,0,"32.06616,34.77782",245,"[u'c', u'c9', u'c9e', u'c9e2', u'c9e2c', u'c9e2c7', u'c9e2c7c', u'c9e2c7cd', u'c9e2c7cda', u'c9e2c7cda9', u'c9e2c7cda9e', u'c9e2c7cda9ed', u'c9e2c7cda9edd']"
246,72,שיפמן(פיינשטיי,160,בגין מנחם,0,"32.08022,34.79613",246,"[u'c', u'c9', u'c9e', u'c9e2', u'c9e2c', u'c9e2cd', u'c9e2cd5', u'c9e2cd54', u'c9e2cd541', u'c9e2cd5415', u'c9e2cd5415a', u'c9e2cd5415a3', u'c9e2cd5415a30']"
247,60,פלומר,,פלומר,0,"32.09744,34.77531",247,"[u'c', u'c9', u'c9e', u'c9e2', u'c9e2c', u'c9e2cd', u'c9e2cd6', u'c9e2cd6c', u'c9e2cd6c6', u'c9e2cd6c66', u'c9e2cd6c661', u'c9e2cd6c661c', u'c9e2cd6c661c5']"
248,120,  מפלס 21 22דיזנגוף סנטר,56,המלך ג'ורג',0,"32.07499,34.77599",248,"[u'c', u'c9', u'c9e', u'c9e2', u'c9e2c', u'c9e2c7', u'c9e2c7e', u'c9e2c7ec', u'c9e2c7ec5', u'c9e2c7ec58', u'c9e2c7ec583', u'c9e2c7ec5836', u'c9e2c7ec5836e']"
249,40,ספיר,0,ספיר אליהו,0,"32.07521,34.77715",249,"[u'c', u'c9', u'c9e', u'c9e2', u'c9e2c', u'c9e2c7', u'c9e2c7e', u'c9e2c7ec', u'c9e2c7ec5', u'c9e2c7ec5f', u'c9e2c7ec5fd', u'c9e2c7ec5fd8', u'c9e2c7ec5fd86']"
25,12,מונטיפיורי,14,יהודית,0,"32.07008,34.78987",25,"[u'c', u'c9', u'c9e', u'c9e2', u'c9e2c', u'c9e2c7', u'c9e2c7f', u'c9e2c7f1', u'c9e2c7f13', u'c9e2c7f132', u'c9e2c7f132f', u'c9e2c7f132f1', u'c9e2c7f132f11']"
250,20,טירת צבי,0,נתיבי אילון דרום,0,"32.06616,34.77782",250,"[u'c', u'c9', u'c9e', u'c9e2', u'c9e2c', u'c9e2c7', u'c9e2c7c', u'c9e2c7cd', u'c9e2c7cda', u'c9e2c7cda9', u'c9e2c7cda9e', u'c9e2c7cda9ed', u'c9e2c7cda9edd']"
251,60,משה דיין,16,דיין משה,0,"32.04752,34.79921",251,"[u'c', u'c9', u'c9e', u'c9e2', u'c9e2c', u'c9e2c7', u'c9e2c77', u'c9e2c775', u'c9e2c7750', u'c9e2c77508', u'c9e2c775082', u'c9e2c7750822', u'c9e2c77508226']"
252,28,החומה,30,חומה ומגדל,0,"32.06397,34.78684",252,"[u'c', u'c9', u'c9e', u'c9e2', u'c9e2c', u'c9e2c7', u'c9e2c7d', u'c9e2c7d8', u'c9e2c7d85', u'c9e2c7d858', u'c9e2c7d8580', u'c9e2c7d85808', u'c9e2c7d858088']"
253,37,אהרון חניונים,10,בית עובד,0,"32.06413,34.78751",253,"[u'c', u'c9', u'c9e', u'c9e2', u'c9e2c', u'c9e2c7', u'c9e2c7d', u'c9e2c7d8', u'c9e2c7d85', u'c9e2c7d85b', u'c9e2c7d85b5', u'c9e2c7d85b57', u'c9e2c7d85b579']"
254,35,"הגר""א",20,"הגר""א",0,"32.05991,34.78164",254,"[u'c', u'c9', u'c9e', u'c9e2', u'c9e2c', u'c9e2c7', u'c9e2c7c', u'c9e2c7c5', u'c9e2c7c5d', u'c9e2c7c5d8', u'c9e2c7c5d8d', u'c9e2c7c5d8d1', u'c9e2c7c5d8d15']"
255,76,סמייל(הגימנסיה,94,ז'בוטינסקי,0,"32.08795,34.78318",255,"[u'c', u'c9', u'c9e', u'c9e2', u'c9e2c', u'c9e2cd', u'c9e2cd5', u'c9e2cd58', u'c9e2cd58a', u'c9e2cd58a3', u'c9e2cd58a3b', u'c9e2cd58a3b3', u'c9e2cd58a3b3c']"
256,72,נמיר,81,נמיר מרדכי,0,"32.06616,34.77782",256,"[u'c', u'c9', u'c9e', u'c9e2', u'c9e2c', u'c9e2c7', u'c9e2c7c', u'c9e2c7cd', u'c9e2c7cda', u'c9e2c7cda9', u'c9e2c7cda9e', u'c9e2c7cda9ed', u'c9e2c7cda9edd']"
257,106,לוינסקי,39,לוינסקי,0,"32.05981,34.77163",257,"[u'c', u'c9', u'c9e', u'c9e2', u'c9e2c', u'c9e2c7', u'c9e2c7c', u'c9e2c7c1', u'c9e2c7c1d', u'c9e2c7c1d7', u'c9e2c7c1d7e', u'c9e2c7c1d7ed', u'c9e2c7c1d7edb']"
258,287,בית ויקטוריה,3,המלאכה,0,"32.06659,34.78529",258,"[u'c', u'c9', u'c9e', u'c9e2', u'c9e2c', u'c9e2c7', u'c9e2c7d', u'c9e2c7da', u'c9e2c7da1', u'c9e2c7da17', u'c9e2c7da176', u'c9e2c7da1768', u'c9e2c7da1768a']"
259,281,מגדל אלרוב,46,רוטשילד,0,"32.06387,34.77462",259,"[u'c', u'c9', u'c9e', u'c9e2', u'c9e2c', u'c9e2c7', u'c9e2c7c', u'c9e2c7cc', u'c9e2c7cc4', u'c9e2c7cc42', u'c9e2c7cc429', u'c9e2c7cc4296', u'c9e2c7cc42967']"
26,26,"ב""ק ישראל",11,"ב""ק ישראל",0,"32.06858,34.7884",26,"[u'c', u'c9', u'c9e', u'c9e2', u'c9e2c', u'c9e2c7', u'c9e2c7d', u'c9e2c7db', u'c9e2c7dba', u'c9e2c7dba2', u'c9e2c7dba24', u'c9e2c7dba240', u'c9e2c7dba2407']"
260,54,גניס 3,29,קארו יוסף,0,"32.07054,34.79215",260,"[u'c', u'c9', u'c9e', u'c9e2', u'c9e2c', u'c9e2c7', u'c9e2c7f', u'c9e2c7f1', u'c9e2c7f1c', u'c9e2c7f1c5', u'c9e2c7f1c53', u'c9e2c7f1c53d', u'c9e2c7f1c53de']"
261,530,אי.בי.סי,2,השלושה,0,"32.06199,34.78892",261,"[u'c', u'c9', u'c9e', u'c9e2', u'c9e2c', u'c9e2c7', u'c9e2c7d', u'c9e2c7d3', u'c9e2c7d32', u'c9e2c7d32c', u'c9e2c7d32c8', u'c9e2c7d32c89', u'c9e2c7d32c890']"
262,324,בית פסגות,12,אחד העם,0,"32.06351,34.76896",262,"[u'c', u'c9', u'c9e', u'c9e2', u'c9e2c', u'c9e2c7', u'c9e2c7c', u'c9e2c7c3', u'c9e2c7c3b', u'c9e2c7c3bf', u'c9e2c7c3bf7', u'c9e2c7c3bf7e', u'c9e2c7c3bf7ed']"
263,234,רובע לב העיר,8,בלפור,0,"32.06809,34.77245",263,"[u'c', u'c9', u'c9e', u'c9e2', u'c9e2c', u'c9e2c7', u'c9e2c7c', u'c9e2c7ce', u'c9e2c7ce8', u'c9e2c7ce8c', u'c9e2c7ce8c0', u'c9e2c7ce8c09', u'c9e2c7ce8c09c']"
264,291,קרדן,154,בגין מנחם,0,"32.07992,34.79564",264,"[u'c', u'c9', u'c9e', u'c9e2', u'c9e2c', u'c9e2c7', u'c9e2c7f', u'c9e2c7fe', u'c9e2c7feb', u'c9e2c7febb', u'c9e2c7febb4', u'c9e2c7febb46', u'c9e2c7febb463']"
265,395,טופ-דן,72,רוזן פנחס,0,"32.1146,34.82547",265,"[u'c', u'c9', u'c9e', u'c9e2', u'c9e2d', u'c9e2d8', u'c9e2d8a', u'c9e2d8a5', u'c9e2d8a5d', u'c9e2d8a5d2', u'c9e2d8a5d24', u'c9e2d8a5d242', u'c9e2d8a5d242c']"
266,85,מגדל הפלטינום,34,אלעזר דוד,0,"32.07097,34.78806",266,"[u'c', u'c9', u'c9e', u'c9e2', u'c9e2c', u'c9e2c7', u'c9e2c7f', u'c9e2c7f0', u'c9e2c7f0d', u'c9e2c7f0dd', u'c9e2c7f0dde', u'c9e2c7f0ddeb', u'c9e2c7f0ddeb0']"
267,51,אשדר 2000,57,אלון יגאל,0,"32.06322,34.79209",267,"[u'c', u'c9', u'c9e', u'c9e2', u'c9e2c', u'c9e2c7', u'c9e2c7d', u'c9e2c7d3', u'c9e2c7d3e', u'c9e2c7d3e7', u'c9e2c7d3e7b', u'c9e2c7d3e7b0', u'c9e2c7d3e7b0d']"
268,398,מגדל לוינשטיין,23,בגין מנחם,0,"32.06362,34.78004",268,"[u'c', u'c9', u'c9e', u'c9e2', u'c9e2c', u'c9e2c7', u'c9e2c7c', u'c9e2c7cd', u'c9e2c7cd4', u'c9e2c7cd40', u'c9e2c7cd400', u'c9e2c7cd4007', u'c9e2c7cd4007b']"
269,291,עמגר,7,"ריב""ל",0,"32.06269,34.7823",269,"[u'c', u'c9', u'c9e', u'c9e2', u'c9e2c', u'c9e2c7', u'c9e2c7c', u'c9e2c7c7', u'c9e2c7c7d', u'c9e2c7c7dc', u'c9e2c7c7dcd', u'c9e2c7c7dcda', u'c9e2c7c7dcda6']"
27,24,ישראל בק 2,11,"הנצי""ב",0,"32.06852,34.78992",27,"[u'c', u'c9', u'c9e', u'c9e2', u'c9e2c', u'c9e2c7', u'c9e2c7d', u'c9e2c7db', u'c9e2c7dbb', u'c9e2c7dbb0', u'c9e2c7dbb0d', u'c9e2c7dbb0dd', u'c9e2c7dbb0ddd']"
270,146,טל ומטר,78,הירקון,0,"32.07685,34.76711",270,"[u'c', u'c9', u'c9e', u'c9e2', u'c9e2c', u'c9e2c7', u'c9e2c7e', u'c9e2c7e9', u'c9e2c7e9a', u'c9e2c7e9a6', u'c9e2c7e9a64', u'c9e2c7e9a64a', u'c9e2c7e9a64a5']"
271,390,מלון אינטרקונטיננטל,2,לוי יוסף גונדר,0,"32.06616,34.77782",271,"[u'c', u'c9', u'c9e', u'c9e2', u'c9e2c', u'c9e2c7', u'c9e2c7c', u'c9e2c7cd', u'c9e2c7cda', u'c9e2c7cda9', u'c9e2c7cda9e', u'c9e2c7cda9ed', u'c9e2c7cda9edd']"
272,115,קידמת אילון,6,קרמניצקי,0,"32.06686,34.79421",272,"[u'c', u'c9', u'c9e', u'c9e2', u'c9e2c', u'c9e2c7', u'c9e2c7d', u'c9e2c7de', u'c9e2c7de0', u'c9e2c7de09', u'c9e2c7de09b', u'c9e2c7de09bf', u'c9e2c7de09bfe']"
273,355,מגדלי תל אביב,20,נחלת יצחק,0,"32.0746,34.79815",273,"[u'c', u'c9', u'c9e', u'c9e2', u'c9e2c', u'c9e2c7', u'c9e2c7f', u'c9e2c7fc', u'c9e2c7fc5', u'c9e2c7fc50', u'c9e2c7fc505', u'c9e2c7fc5057', u'c9e2c7fc50573']"
274,23,שפירא,105,הר ציון,0,"32.05089,34.77393",274,"[u'c', u'c9', u'c9e', u'c9e2', u'c9e2c', u'c9e2c7', u'c9e2c76', u'c9e2c766', u'c9e2c7663', u'c9e2c76636', u'c9e2c76636b', u'c9e2c76636be', u'c9e2c76636be6']"
275,19,שמאי,11,בית שמאי,0,"32.06983,34.78894",275,"[u'c', u'c9', u'c9e', u'c9e2', u'c9e2c', u'c9e2c7', u'c9e2c7f', u'c9e2c7f1', u'c9e2c7f12', u'c9e2c7f124', u'c9e2c7f1242', u'c9e2c7f12424', u'c9e2c7f12424a']"
276,21,אלחנן,126,לוינסקי,0,"32.05585,34.78163",276,"[u'c', u'c9', u'c9e', u'c9e2', u'c9e2c', u'c9e2c7', u'c9e2c76', u'c9e2c76f', u'c9e2c76f5', u'c9e2c76f58', u'c9e2c76f58f', u'c9e2c76f58f3', u'c9e2c76f58f3b']"
277,544,בית נ.י.פ,39,המסגר,0,"32.06592,34.78645",277,"[u'c', u'c9', u'c9e', u'c9e2', u'c9e2c', u'c9e2c7', u'c9e2c7d', u'c9e2c7d8', u'c9e2c7d8e', u'c9e2c7d8e6', u'c9e2c7d8e6d', u'c9e2c7d8e6d4', u'c9e2c7d8e6d42']"
278,657,מגדלי רובינשטיין,37,בגין מנחם,0,"32.06487,34.78226",278,"[u'c', u'c9', u'c9e', u'c9e2', u'c9e2c', u'c9e2c7', u'c9e2c7c', u'c9e2c7cd', u'c9e2c7cd7', u'c9e2c7cd7e', u'c9e2c7cd7e6', u'c9e2c7cd7e6c', u'c9e2c7cd7e6cd']"
279,30,מנדלר ב,4,מנדלר אלברט,0,"32.07282,34.7871",279,"[u'c', u'c9', u'c9e', u'c9e2', u'c9e2c', u'c9e2c7', u'c9e2c7f', u'c9e2c7f2', u'c9e2c7f27', u'c9e2c7f272', u'c9e2c7f272d', u'c9e2c7f272da', u'c9e2c7f272da3']"
28,188,"לב ת""א",35,מונטיפיורי,0,"32.06566,34.7736",28,"[u'c', u'c9', u'c9e', u'c9e2', u'c9e2c', u'c9e2c7', u'c9e2c7c', u'c9e2c7cc', u'c9e2c7ccb', u'c9e2c7ccb1', u'c9e2c7ccb11', u'c9e2c7ccb115', u'c9e2c7ccb1150']"
280,56,מנדלר א,5,ארניה אוסוולדו,0,"32.07279,34.78616",280,"[u'c', u'c9', u'c9e', u'c9e2', u'c9e2c', u'c9e2c7', u'c9e2c7f', u'c9e2c7f2', u'c9e2c7f26', u'c9e2c7f266', u'c9e2c7f2668', u'c9e2c7f26680', u'c9e2c7f26680c']"
281,370,נמל תל אביב,1,"כ""ג יורדי הסירה",0,"32.09633,34.77394",281,"[u'c', u'c9', u'c9e', u'c9e2', u'c9e2c', u'c9e2cd', u'c9e2cd6', u'c9e2cd66', u'c9e2cd66b', u'c9e2cd66bc', u'c9e2cd66bc9', u'c9e2cd66bc9d', u'c9e2cd66bc9da']"
282,1247,מגדלי זיו,24,ולנברג ראול,0,"32.11152,34.83883",282,"[u'c', u'c9', u'c9e', u'c9e2', u'c9e2d', u'c9e2d8', u'c9e2d89', u'c9e2d89e', u'c9e2d89e2', u'c9e2d89e2f', u'c9e2d89e2f1', u'c9e2d89e2f1d', u'c9e2d89e2f1d8']"
283,111,בית רילון,1,נירים,0,"32.06242,34.79066",283,"[u'c', u'c9', u'c9e', u'c9e2', u'c9e2c', u'c9e2c7', u'c9e2c7d', u'c9e2c7d3', u'c9e2c7d39', u'c9e2c7d397', u'c9e2c7d3970', u'c9e2c7d3970c', u'c9e2c7d3970c1']"
284,78,מגדל המילניום,23,ארניה אוסוולדו,0,"32.07135,34.78612",284,"[u'c', u'c9', u'c9e', u'c9e2', u'c9e2c', u'c9e2c7', u'c9e2c7f', u'c9e2c7f0', u'c9e2c7f0e', u'c9e2c7f0e3', u'c9e2c7f0e35', u'c9e2c7f0e35c', u'c9e2c7f0e35c6']"
285,45,מנורות,306,הירקון,0,"32.0968,34.77483",285,"[u'c', u'c9', u'c9e', u'c9e2', u'c9e2c', u'c9e2cd', u'c9e2cd6', u'c9e2cd6c', u'c9e2cd6c4', u'c9e2cd6c43', u'c9e2cd6c432', u'c9e2cd6c4328', u'c9e2cd6c4328c']"
286,21,השרון,13,השרון,0,"32.06163,34.77846",286,"[u'c', u'c9', u'c9e', u'c9e2', u'c9e2c', u'c9e2c7', u'c9e2c7c', u'c9e2c7c7', u'c9e2c7c72', u'c9e2c7c725', u'c9e2c7c725c', u'c9e2c7c725c1', u'c9e2c7c725c1c']"
287,43,הגדוד העברי 35,35,הגדוד העברי,0,"32.05877,34.77853",287,"[u'c', u'c9', u'c9e', u'c9e2', u'c9e2c', u'c9e2c7', u'c9e2c7c', u'c9e2c7c5', u'c9e2c7c50', u'c9e2c7c50f', u'c9e2c7c50ff', u'c9e2c7c50ff2', u'c9e2c7c50ff2f']"
288,277,הילטון 2,241,הירקון,0,"32.09332,34.77352",288,"[u'c', u'c9', u'c9e', u'c9e2', u'c9e2c', u'c9e2cd', u'c9e2cd6', u'c9e2cd64', u'c9e2cd64b', u'c9e2cd64b3', u'c9e2cd64b30', u'c9e2cd64b30d', u'c9e2cd64b30d1']"
289,80,שדה יצחק,2,שדה יצחק,0,"32.05611,34.78363",289,"[u'c', u'c9', u'c9e', u'c9e2', u'c9e2c', u'c9e2c7', u'c9e2c77', u'c9e2c77a', u'c9e2c77a2', u'c9e2c77a24', u'c9e2c77a246', u'c9e2c77a246c', u'c9e2c77a246c4']"
29,772,בית הרכב,9,אחד העם,0,"32.06358,34.76946",29,"[u'c', u'c9', u'c9e', u'c9e2', u'c9e2c', u'c9e2c7', u'c9e2c7c', u'c9e2c7c3', u'c9e2c7c3e', u'c9e2c7c3eb', u'c9e2c7c3ebb', u'c9e2c7c3ebbc', u'c9e2c7c3ebbc3']"
290,112,לאונרדו,6,דה וינצ'י לאונרד,0,"32.06616,34.77782",290,"[u'c', u'c9', u'c9e', u'c9e2', u'c9e2c', u'c9e2c7', u'c9e2c7c', u'c9e2c7cd', u'c9e2c7cda', u'c9e2c7cda9', u'c9e2c7cda9e', u'c9e2c7cda9ed', u'c9e2c7cda9edd']"
291,30,אלפסי,12,אלפסי יצחק,0,"32.06616,34.77782",291,"[u'c', u'c9', u'c9e', u'c9e2', u'c9e2c', u'c9e2c7', u'c9e2c7c', u'c9e2c7cd', u'c9e2c7cda', u'c9e2c7cda9', u'c9e2c7cda9e', u'c9e2c7cda9ed', u'c9e2c7cda9edd']"
292,0,בית פנורמה,0,בן צבי,0,"32.05067,34.7593",292,"[u'c', u'c9', u'c9e', u'c9e2', u'c9e2c', u'c9e2c7', u'c9e2c73', u'c9e2c737', u'c9e2c7376', u'c9e2c73765', u'c9e2c73765d', u'c9e2c73765d8', u'c9e2c73765d8f']"
293,400,בית צורי,20,בית צורי אליהו,0,"32.12294,34.80054",293,"[u'c', u'c9', u'c9e', u'c9e2', u'c9e2c', u'c9e2cd', u'c9e2cdf', u'c9e2cdff', u'c9e2cdff8', u'c9e2cdff87', u'c9e2cdff87d', u'c9e2cdff87de', u'c9e2cdff87de4']"
294,80,"הבעש""ט",171,יפת,0,"32.03656,34.74921",294,"[u'c', u'c9', u'c9e', u'c9e2', u'c9e2c', u'c9e2c7', u'c9e2c71', u'c9e2c711', u'c9e2c7115', u'c9e2c7115c', u'c9e2c7115c3', u'c9e2c7115c3e', u'c9e2c7115c3ee']"
295,80,לבון,,כהן עופר,0,"32.04663,34.77234",295,"[u'c', u'c9', u'c9e', u'c9e2', u'c9e2c', u'c9e2c7', u'c9e2c74', u'c9e2c74e', u'c9e2c74ea', u'c9e2c74ea3', u'c9e2c74ea35', u'c9e2c74ea358', u'c9e2c74ea3583']"
296,65,מטודלה,16,בנימין מטודלה,0,"32.10967,34.82725",296,"[u'c', u'c9', u'c9e', u'c9e2', u'c9e2d', u'c9e2d8', u'c9e2d89', u'c9e2d898', u'c9e2d898a', u'c9e2d898a1', u'c9e2d898a16', u'c9e2d898a16d', u'c9e2d898a16d1']"
297,373,נחושת,3,הנחושת,0,"32.10992,34.83838",297,"[u'c', u'c9', u'c9e', u'c9e2', u'c9e2d', u'c9e2d8', u'c9e2d89', u'c9e2d89c', u'c9e2d89ca', u'c9e2d89ca6', u'c9e2d89ca6a', u'c9e2d89ca6a6', u'c9e2d89ca6a62']"
298,32,פליטי הספר,0,פליטי הספר,0,"32.06675,34.80169",298,"[u'c', u'c9', u'c9e', u'c9e2', u'c9e2c', u'c9e2c7', u'c9e2c7d', u'c9e2c7df', u'c9e2c7df1', u'c9e2c7df1d', u'c9e2c7df1d3', u'c9e2c7df1d32', u'c9e2c7df1d329']"
299,85,שער ציון,,שער ציון,0,"32.09569,34.77378",299,"[u'c', u'c9', u'c9e', u'c9e2', u'c9e2c', u'c9e2cd', u'c9e2cd6', u'c9e2cd66', u'c9e2cd669', u'c9e2cd6699', u'c9e2cd6699f', u'c9e2cd6699ff', u'c9e2cd6699ff4']"
3,21,אסותא,62,ז'בוטינסקי,0,"32.08865,34.77949",3,"[u'c', u'c9', u'c9e', u'c9e2', u'c9e2c', u'c9e2cd', u'c9e2cd4', u'c9e2cd4f', u'c9e2cd4f1', u'c9e2cd4f16', u'c9e2cd4f16e', u'c9e2cd4f16e9', u'c9e2cd4f16e9e']"
30,307,בית אסיה,4,ויצמן,0,"32.07814,34.78846",30,"[u'c', u'c9', u'c9e', u'c9e2', u'c9e2c', u'c9e2c7', u'c9e2c7f', u'c9e2c7fb', u'c9e2c7fb2', u'c9e2c7fb20', u'c9e2c7fb20c', u'c9e2c7fb20cf', u'c9e2c7fb20cf6']"
300,18,צבי נשרי,54,דיין משה,0,"32.05389,34.80025",300,"[u'c', u'c9', u'c9e', u'c9e2', u'c9e2c', u'c9e2c7', u'c9e2c77', u'c9e2c77d', u'c9e2c77d2', u'c9e2c77d2f', u'c9e2c77d2f2', u'c9e2c77d2f2b', u'c9e2c77d2f2b0']"
301,0,שפך הירקון,,יקותיאלי יוסף,0,"32.06616,34.77782",301,"[u'c', u'c9', u'c9e', u'c9e2', u'c9e2c', u'c9e2c7', u'c9e2c7c', u'c9e2c7cd', u'c9e2c7cda', u'c9e2c7cda9', u'c9e2c7cda9e', u'c9e2c7cda9ed', u'c9e2c7cda9edd']"
302,44,אוסישקין 2,1,אוסישקין,0,"32.0971,34.77662",302,"[u'c', u'c9', u'c9e', u'c9e2', u'c9e2c', u'c9e2cd', u'c9e2cd6', u'c9e2cd6c', u'c9e2cd6c5', u'c9e2cd6c5e', u'c9e2cd6c5e0', u'c9e2cd6c5e0d', u'c9e2cd6c5e0dd']"
303,107,השנית,23,עין יעקב,0,"32.06327,34.76474",303,"[u'c', u'c9', u'c9e', u'c9e2', u'c9e2c', u'c9e2c7', u'c9e2c7c', u'c9e2c7c2', u'c9e2c7c2e', u'c9e2c7c2ed', u'c9e2c7c2ed4', u'c9e2c7c2ed46', u'c9e2c7c2ed463']"
304,11,ראובני,5,הראובני דוד,0,"31.96319,34.81303",304,"[u'c', u'c9', u'c9e', u'c9e2', u'c9e27', u'c9e27a', u'c9e27a2', u'c9e27a23', u'c9e27a236', u'c9e27a236a', u'c9e27a236a1', u'c9e27a236a12', u'c9e27a236a125']"
305,0,אלעזר,12,אלעזר (רוקח),0,"32.06141,34.76325",305,"[u'c', u'c9', u'c9e', u'c9e2', u'c9e2c', u'c9e2c7', u'c9e2c7c', u'c9e2c7c2', u'c9e2c7c21', u'c9e2c7c21f', u'c9e2c7c21f3', u'c9e2c7c21f30', u'c9e2c7c21f305']"
306,14,חניון קסם,108,נחלת בנימין,0,"32.05791,34.77197",306,"[u'c', u'c9', u'c9e', u'c9e2', u'c9e2c', u'c9e2c7', u'c9e2c76', u'c9e2c76e', u'c9e2c76ea', u'c9e2c76ea8', u'c9e2c76ea8e', u'c9e2c76ea8e7', u'c9e2c76ea8e7b']"
307,189,הירקון,19,הירקון,0,"32.07013,34.76482",307,"[u'c', u'c9', u'c9e', u'c9e2', u'c9e2c', u'c9e2c7', u'c9e2c7e', u'c9e2c7e0', u'c9e2c7e06', u'c9e2c7e06d', u'c9e2c7e06d5', u'c9e2c7e06d54', u'c9e2c7e06d54a']"
308,24,שחר,20,יסוד המעלה,0,"32.059,34.78048",308,"[u'c', u'c9', u'c9e', u'c9e2', u'c9e2c', u'c9e2c7', u'c9e2c7c', u'c9e2c7c5', u'c9e2c7c56', u'c9e2c7c563', u'c9e2c7c5631', u'c9e2c7c5631f', u'c9e2c7c5631f7']"
309,13,סרג'י,2,ראש פינה,0,"32.0577,34.77982",309,"[u'c', u'c9', u'c9e', u'c9e2', u'c9e2c', u'c9e2c7', u'c9e2c76', u'c9e2c76f', u'c9e2c76fb', u'c9e2c76fb7', u'c9e2c76fb7c', u'c9e2c76fb7c9', u'c9e2c76fb7c90']"
31,319,סמינר הקיבוצים,149,נמיר מרדכי,0,"32.06616,34.77782",31,"[u'c', u'c9', u'c9e', u'c9e2', u'c9e2c', u'c9e2c7', u'c9e2c7c', u'c9e2c7cd', u'c9e2c7cda', u'c9e2c7cda9', u'c9e2c7cda9e', u'c9e2c7cda9ed', u'c9e2c7cda9edd']"
310,28,שטיין אברהם,1,נחמיה,0,"32.06949,34.76379",310,"[u'c', u'c9', u'c9e', u'c9e2', u'c9e2c', u'c9e2c7', u'c9e2c7e', u'c9e2c7e0', u'c9e2c7e04', u'c9e2c7e048', u'c9e2c7e0487', u'c9e2c7e04876', u'c9e2c7e048760']"
311,16,שחר 2,2,השחר,0,"32.06452,34.76894",311,"[u'c', u'c9', u'c9e', u'c9e2', u'c9e2c', u'c9e2c7', u'c9e2c7c', u'c9e2c7c9', u'c9e2c7c93', u'c9e2c7c937', u'c9e2c7c9377', u'c9e2c7c93776', u'c9e2c7c93776a']"
312,10,בית קלקא 1,2,איסרליש,0,"32.0717,34.79",312,"[u'c', u'c9', u'c9e', u'c9e2', u'c9e2c', u'c9e2c7', u'c9e2c7f', u'c9e2c7f1', u'c9e2c7f1b', u'c9e2c7f1bb', u'c9e2c7f1bb0', u'c9e2c7f1bb0f', u'c9e2c7f1bb0f4']"
313,2300,מרכז ויצמן,16,ויצמן,0,"32.08244,34.78905",313,"[u'c', u'c9', u'c9e', u'c9e2', u'c9e2c', u'c9e2cd', u'c9e2cd5', u'c9e2cd51', u'c9e2cd51a', u'c9e2cd51a6', u'c9e2cd51a6b', u'c9e2cd51a6b5', u'c9e2cd51a6b50']"
314,13,נחלת יצחק 3,3,נחלת יצחק,0,"32.07527,34.79608",314,"[u'c', u'c9', u'c9e', u'c9e2', u'c9e2c', u'c9e2c7', u'c9e2c7f', u'c9e2c7fc', u'c9e2c7fc1', u'c9e2c7fc1e', u'c9e2c7fc1ef', u'c9e2c7fc1efe', u'c9e2c7fc1efef']"
315,17,משי,40,פלורנטין,0,"32.05622,34.77133",315,"[u'c', u'c9', u'c9e', u'c9e2', u'c9e2c', u'c9e2c7', u'c9e2c76', u'c9e2c76b', u'c9e2c76b7', u'c9e2c76b76', u'c9e2c76b765', u'c9e2c76b7651', u'c9e2c76b76513']"
316,64,נמל יפו 1,,העליה השניה,0,"32.17238,34.84749",316,"[u'c', u'c9', u'c9e', u'c9e2', u'c9e2f', u'c9e2f0', u'c9e2f01', u'c9e2f017', u'c9e2f017d', u'c9e2f017d2', u'c9e2f017d2c', u'c9e2f017d2ce', u'c9e2f017d2ce4']"
317,415,מגדלי טויוטה,63,אלון יגאל,0,"32.06549,34.79248",317,"[u'c', u'c9', u'c9e', u'c9e2', u'c9e2c', u'c9e2c7', u'c9e2c7d', u'c9e2c7d9', u'c9e2c7d9d', u'c9e2c7d9da', u'c9e2c7d9da1', u'c9e2c7d9da15', u'c9e2c7d9da152']"
318,13,בית הלל,17,בית הלל,0,"32.06936,34.79079",318,"[u'c', u'c9', u'c9e', u'c9e2', u'c9e2c', u'c9e2c7', u'c9e2c7f', u'c9e2c7f1', u'c9e2c7f11', u'c9e2c7f117', u'c9e2c7f117c', u'c9e2c7f117c0', u'c9e2c7f117c0b']"
319,95,ברושים,30,הארבעה,0,"32.07032,34.78657",319,"[u'c', u'c9', u'c9e', u'c9e2', u'c9e2c', u'c9e2c7', u'c9e2c7f', u'c9e2c7f0', u'c9e2c7f06', u'c9e2c7f06f', u'c9e2c7f06f0', u'c9e2c7f06f0d', u'c9e2c7f06f0d6']"
32,18,רבן גמליאל,23,רבן גמליאל,0,"32.06937,34.76913",32,"[u'c', u'c9', u'c9e', u'c9e2', u'c9e2c', u'c9e2c7', u'c9e2c7e', u'c9e2c7e1', u'c9e2c7e14', u'c9e2c7e142', u'c9e2c7e1429', u'c9e2c7e14296', u'c9e2c7e14296f']"
320,36,המסגר,42,המסגר,0,"32.06492,34.78621",320,"[u'c', u'c9', u'c9e', u'c9e2', u'c9e2c', u'c9e2c7', u'c9e2c7d', u'c9e2c7d8', u'c9e2c7d86', u'c9e2c7d86e', u'c9e2c7d86e8', u'c9e2c7d86e8e', u'c9e2c7d86e8e5']"
321,73,הרצל 108,108,הרצל,0,"32.05534,34.77084",321,"[u'c', u'c9', u'c9e', u'c9e2', u'c9e2c', u'c9e2c7', u'c9e2c76', u'c9e2c769', u'c9e2c769f', u'c9e2c769fb', u'c9e2c769fbb', u'c9e2c769fbbc', u'c9e2c769fbbc4']"
322,162,חצרות יפו,2,שלמה,0,"32.05485,34.76051",322,"[u'c', u'c9', u'c9e', u'c9e2', u'c9e2c', u'c9e2c7', u'c9e2c73', u'c9e2c73d', u'c9e2c73df', u'c9e2c73df7', u'c9e2c73df71', u'c9e2c73df711', u'c9e2c73df7118']"
323,457,מגדל המוזיאון,6,ברקוביץ,0,"32.07811,34.78668",323,"[u'c', u'c9', u'c9e', u'c9e2', u'c9e2c', u'c9e2c7', u'c9e2c7f', u'c9e2c7fa', u'c9e2c7fa6', u'c9e2c7fa65', u'c9e2c7fa65c', u'c9e2c7fa65c0', u'c9e2c7fa65c0d']"
324,166,תחנת הכח,,יקותיאלי יוסף,0,"32.06616,34.77782",324,"[u'c', u'c9', u'c9e', u'c9e2', u'c9e2c', u'c9e2c7', u'c9e2c7c', u'c9e2c7cd', u'c9e2c7cda', u'c9e2c7cda9', u'c9e2c7cda9e', u'c9e2c7cda9ed', u'c9e2c7cda9edd']"
325,0,שוק עמיעד,11,עמיעד,0,"32.05337,34.75586",325,"[u'c', u'c9', u'c9e', u'c9e2', u'c9e2c', u'c9e2c7', u'c9e2c73', u'c9e2c73d', u'c9e2c73d2', u'c9e2c73d21', u'c9e2c73d217', u'c9e2c73d2178', u'c9e2c73d21789']"
326,17,הצלחה,31,מוהליבר,0,"32.06624,34.76891",326,"[u'c', u'c9', u'c9e', u'c9e2', u'c9e2c', u'c9e2c7', u'c9e2c7c', u'c9e2c7c9', u'c9e2c7c9b', u'c9e2c7c9bf', u'c9e2c7c9bf7', u'c9e2c7c9bf78', u'c9e2c7c9bf784']"
327,520,גן לונדון,83,הירקון,0,"32.07758,34.76737",327,"[u'c', u'c9', u'c9e', u'c9e2', u'c9e2c', u'c9e2c7', u'c9e2c7e', u'c9e2c7eb', u'c9e2c7eb0', u'c9e2c7eb07', u'c9e2c7eb073', u'c9e2c7eb073a', u'c9e2c7eb073a5']"
328,26,גניס,34,נחלת יצחק,0,"32.07402,34.80013",328,"[u'c', u'c9', u'c9e', u'c9e2', u'c9e2c', u'c9e2c7', u'c9e2c7f', u'c9e2c7f7', u'c9e2c7f7a', u'c9e2c7f7a4', u'c9e2c7f7a4c', u'c9e2c7f7a4cf', u'c9e2c7f7a4cf6']"
329,51,ראם,4,ראם,0,"32.06763,34.78898",329,"[u'c', u'c9', u'c9e', u'c9e2', u'c9e2c', u'c9e2c7', u'c9e2c7d', u'c9e2c7db', u'c9e2c7db2', u'c9e2c7db2e', u'c9e2c7db2e2', u'c9e2c7db2e2f', u'c9e2c7db2e2ff']"
33,128,שמרלינג,2,שמרלינג,0,"32.0616,34.76226",33,"[u'c', u'c9', u'c9e', u'c9e2', u'c9e2c', u'c9e2c7', u'c9e2c7c', u'c9e2c7c2', u'c9e2c7c23', u'c9e2c7c230', u'c9e2c7c2303', u'c9e2c7c23036', u'c9e2c7c23036c']"
330,337,אמפא המסגר,9,המסגר,0,"32.06187,34.78481",330,"[u'c', u'c9', u'c9e', u'c9e2', u'c9e2c', u'c9e2c7', u'c9e2c7d', u'c9e2c7d2', u'c9e2c7d23', u'c9e2c7d236', u'c9e2c7d236a', u'c9e2c7d236a9', u'c9e2c7d236a9e']"
331,114,פנינת הסיטי,14,השרון,0,"32.06264,34.77938",331,"[u'c', u'c9', u'c9e', u'c9e2', u'c9e2c', u'c9e2c7', u'c9e2c7c', u'c9e2c7c7', u'c9e2c7c79', u'c9e2c7c79c', u'c9e2c7c79c3', u'c9e2c7c79c38', u'c9e2c7c79c38c']"
332,159,מוזס 1,1,מוזס יהודה ונח,0,"32.07637,34.79238",332,"[u'c', u'c9', u'c9e', u'c9e2', u'c9e2c', u'c9e2c7', u'c9e2c7f', u'c9e2c7f9', u'c9e2c7f9d', u'c9e2c7f9d8', u'c9e2c7f9d82', u'c9e2c7f9d82c', u'c9e2c7f9d82c3']"
333,502,סמולרס,0,"וויז ג'ורג' ד""ר",0,"32.10746,34.80243",333,"[u'c', u'c9', u'c9e', u'c9e2', u'c9e2c', u'c9e2cd', u'c9e2cdd', u'c9e2cdd7', u'c9e2cdd7e', u'c9e2cdd7eb', u'c9e2cdd7eb9', u'c9e2cdd7eb94', u'c9e2cdd7eb945']"
334,50,עתיד,12,החרש,0,"32.05733,34.78386",334,"[u'c', u'c9', u'c9e', u'c9e2', u'c9e2c', u'c9e2c7', u'c9e2c77', u'c9e2c77a', u'c9e2c77a8', u'c9e2c77a8f', u'c9e2c77a8f3', u'c9e2c77a8f3b', u'c9e2c77a8f3b9']"
335,68,בית מרס,13,3426,0,"32.8251,34.98814",335,"[u'c', u'c9', u'c9e', u'c9e8', u'c9e8d', u'c9e8dc', u'c9e8dca', u'c9e8dcab', u'c9e8dcab3', u'c9e8dcab34', u'c9e8dcab341', u'c9e8dcab3413', u'c9e8dcab34134']"
336,17,שבזי,11,שבזי,0,"32.0615,34.76393",336,"[u'c', u'c9', u'c9e', u'c9e2', u'c9e2c', u'c9e2c7', u'c9e2c7c', u'c9e2c7c2', u'c9e2c7c24', u'c9e2c7c24b', u'c9e2c7c24bb', u'c9e2c7c24bb0', u'c9e2c7c24bb06']"
337,81,  מגדל אירופה ישראל,2,ויצמן,0,"32.07758,34.7886",337,"[u'c', u'c9', u'c9e', u'c9e2', u'c9e2c', u'c9e2c7', u'c9e2c7f', u'c9e2c7fb', u'c9e2c7fb0', u'c9e2c7fb03', u'c9e2c7fb032', u'c9e2c7fb032e', u'c9e2c7fb032e1']"
338,196,תמנע,16,מגן קלמן,0,"32.07153,34.78535",338,"[u'c', u'c9', u'c9e', u'c9e2', u'c9e2c', u'c9e2c7', u'c9e2c7f', u'c9e2c7f0', u'c9e2c7f0b', u'c9e2c7f0bd', u'c9e2c7f0bd4', u'c9e2c7f0bd4e', u'c9e2c7f0bd4e7']"
339,11,מור,17,הסדנה,0,"32.053,34.77094",339,"[u'c', u'c9', u'c9e', u'c9e2', u'c9e2c', u'c9e2c7', u'c9e2c76', u'c9e2c769', u'c9e2c7695', u'c9e2c76959', u'c9e2c769596', u'c9e2c7695965', u'c9e2c76959651']"
34,28,אלחנן 1,14,אלחנן יצחק,0,"32.06459,34.76764",34,"[u'c', u'c9', u'c9e', u'c9e2', u'c9e2c', u'c9e2c7', u'c9e2c7c', u'c9e2c7c9', u'c9e2c7c93', u'c9e2c7c932', u'c9e2c7c932a', u'c9e2c7c932a1', u'c9e2c7c932a13']"
340,23,הברזל 1,1,הברזל,0,"32.10655,34.83415",340,"[u'c', u'c9', u'c9e', u'c9e2', u'c9e2d', u'c9e2d8', u'c9e2d89', u'c9e2d893', u'c9e2d8939', u'c9e2d89399', u'c9e2d893995', u'c9e2d893995b', u'c9e2d893995b2']"
341,389,קרית הממשלה,125,בגין מנחם,0,"32.07277,34.78992",341,"[u'c', u'c9', u'c9e', u'c9e2', u'c9e2c', u'c9e2c7', u'c9e2c7f', u'c9e2c7f3', u'c9e2c7f33', u'c9e2c7f332', u'c9e2c7f3327', u'c9e2c7f3327d', u'c9e2c7f3327df']"
342,44,גיא,63,המסגר,0,"32.06846,34.78739",342,"[u'c', u'c9', u'c9e', u'c9e2', u'c9e2c', u'c9e2c7', u'c9e2c7d', u'c9e2c7da', u'c9e2c7daf', u'c9e2c7daf1', u'c9e2c7daf16', u'c9e2c7daf163', u'c9e2c7daf1635']"
343,209,גינת השרון,9,החשמל,0,"32.06119,34.77549",343,"[u'c', u'c9', u'c9e', u'c9e2', u'c9e2c', u'c9e2c7', u'c9e2c7c', u'c9e2c7c6', u'c9e2c7c64', u'c9e2c7c646', u'c9e2c7c646f', u'c9e2c7c646ff', u'c9e2c7c646ff3']"
344,266,אלון יגאל,126,אלון יגאל,0,"32.0744,34.79543",344,"[u'c', u'c9', u'c9e', u'c9e2', u'c9e2c', u'c9e2c7', u'c9e2c7f', u'c9e2c7f6', u'c9e2c7f6b', u'c9e2c7f6b9', u'c9e2c7f6b9a', u'c9e2c7f6b9a8', u'c9e2c7f6b9a8e']"
345,348,התיכון,19,הארבעה,0,"32.07038,34.7867",345,"[u'c', u'c9', u'c9e', u'c9e2', u'c9e2c', u'c9e2c7', u'c9e2c7f', u'c9e2c7f0', u'c9e2c7f06', u'c9e2c7f06f', u'c9e2c7f06fc', u'c9e2c7f06fc1', u'c9e2c7f06fc14']"
346,150,שער ליפו,0,גולדמן נחום,0,"32.0563,34.75699",346,"[u'c', u'c9', u'c9e', u'c9e2', u'c9e2c', u'c9e2c7', u'c9e2c73', u'c9e2c73f', u'c9e2c73f3', u'c9e2c73f33', u'c9e2c73f332', u'c9e2c73f332b', u'c9e2c73f332b8']"
347,15,דוד חכמי,17,חכמי דוד,0,"32.06324,34.78394",347,"[u'c', u'c9', u'c9e', u'c9e2', u'c9e2c', u'c9e2c7', u'c9e2c7d', u'c9e2c7d2', u'c9e2c7d2a', u'c9e2c7d2a7', u'c9e2c7d2a7e', u'c9e2c7d2a7e9', u'c9e2c7d2a7e98']"
348,45,אגסי,4,עזרא הסופר,0,"32.07014,34.76424",348,"[u'c', u'c9', u'c9e', u'c9e2', u'c9e2c', u'c9e2c7', u'c9e2c7e', u'c9e2c7e0', u'c9e2c7e06', u'c9e2c7e06c', u'c9e2c7e06c0', u'c9e2c7e06c07', u'c9e2c7e06c078']"
349,114,דפנה 6,6,דפנה,0,"32.07838,34.78965",349,"[u'c', u'c9', u'c9e', u'c9e2', u'c9e2c', u'c9e2c7', u'c9e2c7f', u'c9e2c7fb', u'c9e2c7fb3', u'c9e2c7fb38', u'c9e2c7fb380', u'c9e2c7fb3807', u'c9e2c7fb38078']"
35,35,התלמי,16,התלמי יהושע,0,"32.0624,34.76879",35,"[u'c', u'c9', u'c9e', u'c9e2', u'c9e2c', u'c9e2c7', u'c9e2c7c', u'c9e2c7c3', u'c9e2c7c39', u'c9e2c7c397', u'c9e2c7c3971', u'c9e2c7c39715', u'c9e2c7c397152']"
350,42,חניון סוכנות,2,דובנוב,0,"32.07376,34.78366",350,"[u'c', u'c9', u'c9e', u'c9e2', u'c9e2c', u'c9e2c7', u'c9e2c7f', u'c9e2c7f2', u'c9e2c7f28', u'c9e2c7f28e', u'c9e2c7f28e5', u'c9e2c7f28e5a', u'c9e2c7f28e5a0']"
351,11,הרצל,75,הרצל,0,"32.0566,34.77083",351,"[u'c', u'c9', u'c9e', u'c9e2', u'c9e2c', u'c9e2c7', u'c9e2c76', u'c9e2c76b', u'c9e2c76b7', u'c9e2c76b7b', u'c9e2c76b7b1', u'c9e2c76b7b1e', u'c9e2c76b7b1e8']"
352,18,יסוד המעלה 2,59,יסוד המעלה,0,"32.05671,34.78134",352,"[u'c', u'c9', u'c9e', u'c9e2', u'c9e2c', u'c9e2c7', u'c9e2c76', u'c9e2c76f', u'c9e2c76f6', u'c9e2c76f6f', u'c9e2c76f6ff', u'c9e2c76f6ff7', u'c9e2c76f6ff7f']"
353,31,מאיה1,24,אחד העם,0,"32.06372,34.77074",353,"[u'c', u'c9', u'c9e', u'c9e2', u'c9e2c', u'c9e2c7', u'c9e2c7c', u'c9e2c7c9', u'c9e2c7c95', u'c9e2c7c951', u'c9e2c7c9518', u'c9e2c7c9518b', u'c9e2c7c9518b7']"
354,32,שרתון 2,14,נמל תל אביב,0,"32.0946,34.77267",354,"[u'c', u'c9', u'c9e', u'c9e2', u'c9e2c', u'c9e2cd', u'c9e2cd6', u'c9e2cd66', u'c9e2cd662', u'c9e2cd6624', u'c9e2cd6624c', u'c9e2cd6624c7', u'c9e2cd6624c7d']"
355,52,ש.א.א. חניונים,8,נמל תל אביב,0,"32.09424,34.7725",355,"[u'c', u'c9', u'c9e', u'c9e2', u'c9e2c', u'c9e2cd', u'c9e2cd6', u'c9e2cd66', u'c9e2cd660', u'c9e2cd660c', u'c9e2cd660c2', u'c9e2cd660c2f', u'c9e2cd660c2ff']"
356,125,בית פירמידה,38,המסגר,0,"32.06455,34.78606",356,"[u'c', u'c9', u'c9e', u'c9e2', u'c9e2c', u'c9e2c7', u'c9e2c7d', u'c9e2c7d8', u'c9e2c7d86', u'c9e2c7d863', u'c9e2c7d863c', u'c9e2c7d863c5', u'c9e2c7d863c5d']"
357,160,הלוחמים 1,11,הלוחמים,0,"32.02972,34.77161",357,"[u'c', u'c9', u'c9e', u'c9e2', u'c9e2c', u'c9e2c5', u'c9e2c5e', u'c9e2c5e3', u'c9e2c5e3d', u'c9e2c5e3dd', u'c9e2c5e3ddc', u'c9e2c5e3ddcc', u'c9e2c5e3ddcc3']"
358,55,המערכה,8,המערכה,0,"32.06164,34.79344",358,"[u'c', u'c9', u'c9e', u'c9e2', u'c9e2c', u'c9e2c7', u'c9e2c7d', u'c9e2c7d3', u'c9e2c7d37', u'c9e2c7d375', u'c9e2c7d3758', u'c9e2c7d37587', u'c9e2c7d375877']"
359,175,אליפלט,4,אליפלט,0,"32.05518,34.76505",359,"[u'c', u'c9', u'c9e', u'c9e2', u'c9e2c', u'c9e2c7', u'c9e2c76', u'c9e2c768', u'c9e2c768f', u'c9e2c768f8', u'c9e2c768f8e', u'c9e2c768f8ea', u'c9e2c768f8ea7']"
36,170,בית הטקסטיל,2,קויפמן יחזקאל,0,"32.06329,34.76187",36,"[u'c', u'c9', u'c9e', u'c9e2', u'c9e2c', u'c9e2c7', u'c9e2c7c', u'c9e2c7c2', u'c9e2c7c2a', u'c9e2c7c2ad', u'c9e2c7c2ad1', u'c9e2c7c2ad1a', u'c9e2c7c2ad1a4']"
360,120,(אתרים ירוקים (גרירה,108,לוינסקי,0,"32.05664,34.77985",360,"[u'c', u'c9', u'c9e', u'c9e2', u'c9e2c', u'c9e2c7', u'c9e2c76', u'c9e2c76f', u'c9e2c76f3', u'c9e2c76f3f', u'c9e2c76f3f6', u'c9e2c76f3f6e', u'c9e2c76f3f6e3']"
361,49,"אם.אנד.די ריל אסטייט בע""מ",28,רוטשילד,0,"32.06322,34.77237",361,"[u'c', u'c9', u'c9e', u'c9e2', u'c9e2c', u'c9e2c7', u'c9e2c7c', u'c9e2c7c6', u'c9e2c7c6a', u'c9e2c7c6a3', u'c9e2c7c6a3f', u'c9e2c7c6a3f1', u'c9e2c7c6a3f1d']"
362,57,אליאנס,26,רדינג,0,"32.10669,34.79419",362,"[u'c', u'c9', u'c9e', u'c9e2', u'c9e2c', u'c9e2cd', u'c9e2cdd', u'c9e2cdd6', u'c9e2cdd68', u'c9e2cdd68b', u'c9e2cdd68b1', u'c9e2cdd68b14', u'c9e2cdd68b147']"
363,17,גניס 2,27,בן סרוק,0,"32.08757,34.78381",363,"[u'c', u'c9', u'c9e', u'c9e2', u'c9e2c', u'c9e2cd', u'c9e2cd5', u'c9e2cd58', u'c9e2cd588', u'c9e2cd588f', u'c9e2cd588f8', u'c9e2cd588f8d', u'c9e2cd588f8d2']"
364,110,מגדלי אור,27,הברזל,0,"32.10953,34.84053",364,"[u'c', u'c9', u'c9e', u'c9e2', u'c9e2d', u'c9e2d8', u'c9e2d89', u'c9e2d89c', u'c9e2d89cc', u'c9e2d89cca', u'c9e2d89cca9', u'c9e2d89cca96', u'c9e2d89cca961']"
365,21,שונצינו 5,5,שונצינו,0,"32.06599,34.78738",365,"[u'c', u'c9', u'c9e', u'c9e2', u'c9e2c', u'c9e2c7', u'c9e2c7d', u'c9e2c7d8', u'c9e2c7d8f', u'c9e2c7d8f3', u'c9e2c7d8f3e', u'c9e2c7d8f3e9', u'c9e2c7d8f3e9b']"
366,18,פינסקר,34,פינסקר,0,"32.07536,34.77132",366,"[u'c', u'c9', u'c9e', u'c9e2', u'c9e2c', u'c9e2c7', u'c9e2c7e', u'c9e2c7e9', u'c9e2c7e97', u'c9e2c7e974', u'c9e2c7e974d', u'c9e2c7e974d0', u'c9e2c7e974d05']"
367,879,חניון 1/4 חינם,96,החשמונאים,0,"32.06935,34.78578",367,"[u'c', u'c9', u'c9e', u'c9e2', u'c9e2c', u'c9e2c7', u'c9e2c7f', u'c9e2c7f0', u'c9e2c7f04', u'c9e2c7f042', u'c9e2c7f042d', u'c9e2c7f042d4', u'c9e2c7f042d45']"
368,26,גרשון,13,"הנצי""ב",0,"32.06877,34.78997",368,"[u'c', u'c9', u'c9e', u'c9e2', u'c9e2c', u'c9e2c7', u'c9e2c7d', u'c9e2c7db', u'c9e2c7dbb', u'c9e2c7dbb9', u'c9e2c7dbb90', u'c9e2c7dbb90c', u'c9e2c7dbb90c0']"
369,80,מאיה,76,אברבנאל,0,"32.05533,34.76697",369,"[u'c', u'c9', u'c9e', u'c9e2', u'c9e2c', u'c9e2c7', u'c9e2c76', u'c9e2c769', u'c9e2c769a', u'c9e2c769ae', u'c9e2c769aea', u'c9e2c769aea6', u'c9e2c769aea62']"
37,232,דן פנורמה,10,קויפמן יחזקאל,0,"32.06513,34.76261",37,"[u'c', u'c9', u'c9e', u'c9e2', u'c9e2c', u'c9e2c7', u'c9e2c7c', u'c9e2c7c8', u'c9e2c7c89', u'c9e2c7c891', u'c9e2c7c891b', u'c9e2c7c891bd', u'c9e2c7c891bd8']"
370,70,הצלחה,8,דניאל,0,"32.06845,34.7646",370,"[u'c', u'c9', u'c9e', u'c9e2', u'c9e2c', u'c9e2c7', u'c9e2c7c', u'c9e2c7ca', u'c9e2c7cae', u'c9e2c7cae5', u'c9e2c7cae52', u'c9e2c7cae525', u'c9e2c7cae5255']"
371,98,בית מבני גזית,148,בגין מנחם,0,"32.07902,34.79447",371,"[u'c', u'c9', u'c9e', u'c9e2', u'c9e2c', u'c9e2c7', u'c9e2c7f', u'c9e2c7fe', u'c9e2c7fe8', u'c9e2c7fe86', u'c9e2c7fe86a', u'c9e2c7fe86a7', u'c9e2c7fe86a77']"
372,156,השוק הסיטונאי,61,בגין מנחם,0,"32.06793,34.78591",372,"[u'c', u'c9', u'c9e', u'c9e2', u'c9e2c', u'c9e2c7', u'c9e2c7d', u'c9e2c7da', u'c9e2c7dac', u'c9e2c7dac3', u'c9e2c7dac31', u'c9e2c7dac31a', u'c9e2c7dac31ad']"
373,367,הברזל,38,הברזל,0,"32.11047,34.84175",373,"[u'c', u'c9', u'c9e', u'c9e2', u'c9e2d', u'c9e2d8', u'c9e2d89', u'c9e2d89e', u'c9e2d89e4', u'c9e2d89e47', u'c9e2d89e475', u'c9e2d89e4755', u'c9e2d89e47558']"
374,36,השוק,48,השוק,0,"32.05671,34.77131",374,"[u'c', u'c9', u'c9e', u'c9e2', u'c9e2c', u'c9e2c7', u'c9e2c76', u'c9e2c76b', u'c9e2c76b7', u'c9e2c76b7e', u'c9e2c76b7ef', u'c9e2c76b7ef2', u'c9e2c76b7ef2b']"
375,11,יונה הנביא,3,יונה הנביא,0,"32.07299,34.76517",375,"[u'c', u'c9', u'c9e', u'c9e2', u'c9e2c', u'c9e2c7', u'c9e2c7e', u'c9e2c7e2', u'c9e2c7e27', u'c9e2c7e278', u'c9e2c7e278d', u'c9e2c7e278de', u'c9e2c7e278de3']"
376,9,"כ""ג יורדי הסירה",16,"כ""ג יורדי הסירה",0,"32.09619,34.77487",376,"[u'c', u'c9', u'c9e', u'c9e2', u'c9e2c', u'c9e2cd', u'c9e2cd6', u'c9e2cd66', u'c9e2cd66e', u'c9e2cd66e3', u'c9e2cd66e3a', u'c9e2cd66e3a6', u'c9e2cd66e3a69']"
377,20,נס ציונה,13,נס ציונה,0,"31.92616,34.79601",377,"[u'c', u'c9', u'c9e', u'c9e2', u'c9e26', u'c9e26d', u'c9e26d7', u'c9e26d7e', u'c9e26d7eb', u'c9e26d7ebe', u'c9e26d7ebe6', u'c9e26d7ebe67', u'c9e26d7ebe67e']"
378,66,בית הכהנים,1,צייטלין,0,"32.07948,34.7815",378,"[u'c', u'c9', u'c9e', u'c9e2', u'c9e2c', u'c9e2c7', u'c9e2c7e', u'c9e2c7ef', u'c9e2c7eff', u'c9e2c7eff0', u'c9e2c7eff09', u'c9e2c7eff095', u'c9e2c7eff0953']"
379,18,זלוטופולסקי,15,זלטופולסקי,0,"32.08865,34.7725",379,"[u'c', u'c9', u'c9e', u'c9e2', u'c9e2c', u'c9e2cd', u'c9e2cd4', u'c9e2cd4e', u'c9e2cd4e0', u'c9e2cd4e06', u'c9e2cd4e06a', u'c9e2cd4e06ad', u'c9e2cd4e06adf']"
38,185,סוזאן דלאל,44,פינס,0,"32.06048,34.76783",38,"[u'c', u'c9', u'c9e', u'c9e2', u'c9e2c', u'c9e2c7', u'c9e2c7c', u'c9e2c7c1', u'c9e2c7c1b', u'c9e2c7c1b2', u'c9e2c7c1b2e', u'c9e2c7c1b2e6', u'c9e2c7c1b2e63']"
380,437,בגין מנחם 144,144,בגין מנחם,0,"32.07812,34.7933",380,"[u'c', u'c9', u'c9e', u'c9e2', u'c9e2c', u'c9e2c7', u'c9e2c7f', u'c9e2c7fb', u'c9e2c7fb7', u'c9e2c7fb74', u'c9e2c7fb74d', u'c9e2c7fb74d3', u'c9e2c7fb74d33']"
381,230,חניון התחבורה,13,אלעזר דוד,0,"32.07229,34.78809",381,"[u'c', u'c9', u'c9e', u'c9e2', u'c9e2c', u'c9e2c7', u'c9e2c7f', u'c9e2c7f2', u'c9e2c7f25', u'c9e2c7f25d', u'c9e2c7f25dc', u'c9e2c7f25dcc', u'c9e2c7f25dcc4']"
382,22,הרב קוק,3,הרב קוק,0,"32.07175,34.76474",382,"[u'c', u'c9', u'c9e', u'c9e2', u'c9e2c', u'c9e2c7', u'c9e2c7e', u'c9e2c7e0', u'c9e2c7e0e', u'c9e2c7e0ef', u'c9e2c7e0ef6', u'c9e2c7e0ef6e', u'c9e2c7e0ef6eb']"
383,94,"ח.מ - בע""מ",16,ולנברג ראול,0,"32.10931,34.83665",383,"[u'c', u'c9', u'c9e', u'c9e2', u'c9e2d', u'c9e2d8', u'c9e2d89', u'c9e2d899', u'c9e2d899d', u'c9e2d899d9', u'c9e2d899d92', u'c9e2d899d921', u'c9e2d899d921c']"
384,7,יבנה,1,יבנה,0,"32.06701,34.7724",384,"[u'c', u'c9', u'c9e', u'c9e2', u'c9e2c', u'c9e2c7', u'c9e2c7c', u'c9e2c7ce', u'c9e2c7ce0', u'c9e2c7ce0b', u'c9e2c7ce0bf', u'c9e2c7ce0bf7', u'c9e2c7ce0bf7b']"
385,210,סי אנד סאן,9,"רוזנבלום הרצל ד""ר",0,"32.08084,34.81893",385,"[u'c', u'c9', u'c9e', u'c9e2', u'c9e2d', u'c9e2d8', u'c9e2d80', u'c9e2d804', u'c9e2d8046', u'c9e2d80461', u'c9e2d804613', u'c9e2d804613f', u'c9e2d804613f4']"
386,120,האמץ,19,שארית ישראל,0,"32.05251,34.76195",386,"[u'c', u'c9', u'c9e', u'c9e2', u'c9e2c', u'c9e2c7', u'c9e2c76', u'c9e2c762', u'c9e2c762a', u'c9e2c762af', u'c9e2c762af6', u'c9e2c762af68', u'c9e2c762af683']"
387,0,אתרים ירוקים (גרירה),54,שלמה,0,"32.05486,34.7691",387,"[u'c', u'c9', u'c9e', u'c9e2', u'c9e2c', u'c9e2c7', u'c9e2c76', u'c9e2c769', u'c9e2c769e', u'c9e2c769e2', u'c9e2c769e21', u'c9e2c769e213', u'c9e2c769e213c']"
388,137,אוגדן,31,אחימאיר אבא,0,"32.12453,34.80409",388,"[u'c', u'c9', u'c9e', u'c9e2', u'c9e2c', u'c9e2cf', u'c9e2cf5', u'c9e2cf55', u'c9e2cf555', u'c9e2cf555c', u'c9e2cf555cb', u'c9e2cf555cba', u'c9e2cf555cba0']"
389,60,בן יוסף 2,15,בן יוסף שלמה,0,"32.12427,34.79791",389,"[u'c', u'c9', u'c9e', u'c9e2', u'c9e2c', u'c9e2cf', u'c9e2cf5', u'c9e2cf54', u'c9e2cf545', u'c9e2cf5452', u'c9e2cf54523', u'c9e2cf545238', u'c9e2cf545238a']"
39,20,התבור,26,קלישר,0,"32.06617,34.76852",39,"[u'c', u'c9', u'c9e', u'c9e2', u'c9e2c', u'c9e2c7', u'c9e2c7c', u'c9e2c7c9', u'c9e2c7c9b', u'c9e2c7c9bc', u'c9e2c7c9bce', u'c9e2c7c9bcee', u'c9e2c7c9bcee9']"
390,40,ברזאני,15,ברזאני משה,0,"32.12785,34.79733",390,"[u'c', u'c9', u'c9e', u'c9e2', u'c9e2c', u'c9e2cf', u'c9e2cf5', u'c9e2cf56', u'c9e2cf566', u'c9e2cf566c', u'c9e2cf566c6', u'c9e2cf566c61', u'c9e2cf566c618']"
391,74,עיר שמש,40,עיר שמש,0,"32.12458,34.82732",391,"[u'c', u'c9', u'c9e', u'c9e2', u'c9e2d', u'c9e2da', u'c9e2da1', u'c9e2da10', u'c9e2da100', u'c9e2da100b', u'c9e2da100b5', u'c9e2da100b5e', u'c9e2da100b5ef']"
392,0,הרב קוק,42,הרב קוק,0,"32.07077,34.76806",392,"[u'c', u'c9', u'c9e', u'c9e2', u'c9e2c', u'c9e2c7', u'c9e2c7e', u'c9e2c7e1', u'c9e2c7e19', u'c9e2c7e193', u'c9e2c7e193b', u'c9e2c7e193b1', u'c9e2c7e193b12']"
393,28,אולימפיה,162,הירקון,0,"32.08483,34.76981",393,"[u'c', u'c9', u'c9e', u'c9e2', u'c9e2c', u'c9e2cd', u'c9e2cd4', u'c9e2cd43', u'c9e2cd43c', u'c9e2cd43ce', u'c9e2cd43ce9', u'c9e2cd43ce9c', u'c9e2cd43ce9ce']"
394,41,רוטשילד,22,רוטשילד,0,"32.02676,34.74572",394,"[u'c', u'c9', u'c9e', u'c9e2', u'c9e2c', u'c9e2c5', u'c9e2c5b', u'c9e2c5b1', u'c9e2c5b19', u'c9e2c5b192', u'c9e2c5b1922', u'c9e2c5b1922d', u'c9e2c5b1922d7']"
395,82,"ריב""ל 34",34,"ריב""ל",0,"32.06207,34.78565",395,"[u'c', u'c9', u'c9e', u'c9e2', u'c9e2c', u'c9e2c7', u'c9e2c7d', u'c9e2c7d2', u'c9e2c7d26', u'c9e2c7d26a', u'c9e2c7d26a4', u'c9e2c7d26a42', u'c9e2c7d26a42d']"
396,18,פירמידה,12,הושע,0,"32.09484,34.77348",396,"[u'c', u'c9', u'c9e', u'c9e2', u'c9e2c', u'c9e2cd', u'c9e2cd6', u'c9e2cd66', u'c9e2cd663', u'c9e2cd6633', u'c9e2cd6633a', u'c9e2cd6633ab', u'c9e2cd6633abe']"
397,136,המסגר,37,המסגר,0,"32.06499,34.78614",397,"[u'c', u'c9', u'c9e', u'c9e2', u'c9e2c', u'c9e2c7', u'c9e2c7d', u'c9e2c7d8', u'c9e2c7d8c', u'c9e2c7d8c1', u'c9e2c7d8c15', u'c9e2c7d8c157', u'c9e2c7d8c157c']"
398,18,חניון 18,18,זלטופולסקי,0,"32.08893,34.77265",398,"[u'c', u'c9', u'c9e', u'c9e2', u'c9e2c', u'c9e2cd', u'c9e2cd4', u'c9e2cd4e', u'c9e2cd4e0', u'c9e2cd4e0e', u'c9e2cd4e0ec', u'c9e2cd4e0ec6', u'c9e2cd4e0ec65']"
399,102,הברזל 15,15,הברזל,0,"32.10771,34.83764",399,"[u'c', u'c9', u'c9e', u'c9e2', u'c9e2d', u'c9e2d8', u'c9e2d89', u'c9e2d899', u'c9e2d8995', u'c9e2d89955', u'c9e2d89955f', u'c9e2d89955ff', u'c9e2d89955ff6']"
4,541,השקם,130,אבן גבירול,0,"32.08768,34.78231",4,"[u'c', u'c9', u'c9e', u'c9e2', u'c9e2c', u'c9e2cd', u'c9e2cd4', u'c9e2cd4d', u'c9e2cd4df', u'c9e2cd4df4', u'c9e2cd4df47', u'c9e2cd4df471', u'c9e2cd4df4718']"
40,47,אלחנן 11,11,אלחנן יצחק,0,"32.06509,34.76623",40,"[u'c', u'c9', u'c9e', u'c9e2', u'c9e2c', u'c9e2c7', u'c9e2c7c', u'c9e2c7c8', u'c9e2c7c8d', u'c9e2c7c8d5', u'c9e2c7c8d5d', u'c9e2c7c8d5df', u'c9e2c7c8d5df5']"
400,165,הברזל,30,הברזל,0,"32.10957,34.84058",400,"[u'c', u'c9', u'c9e', u'c9e2', u'c9e2d', u'c9e2d8', u'c9e2d89', u'c9e2d89c', u'c9e2d89cc', u'c9e2d89cca', u'c9e2d89ccae', u'c9e2d89ccae0', u'c9e2d89ccae0e']"
401,372,בית הבנק הבינלאומי,40,רוטשילד,0,"32.06367,34.77395",401,"[u'c', u'c9', u'c9e', u'c9e2', u'c9e2c', u'c9e2c7', u'c9e2c7c', u'c9e2c7cc', u'c9e2c7cc1', u'c9e2c7cc14', u'c9e2c7cc143', u'c9e2c7cc143d', u'c9e2c7cc143dc']"
402,50,בזק,72,יהודה הלוי,0,"32.06717,34.77956",402,"[u'c', u'c9', u'c9e', u'c9e2', u'c9e2c', u'c9e2c7', u'c9e2c7c', u'c9e2c7cf', u'c9e2c7cf3', u'c9e2c7cf34', u'c9e2c7cf34f', u'c9e2c7cf34f0', u'c9e2c7cf34f0f']"
403,20,הרכבת,18,הרכבת,0,"32.06353,34.77762",403,"[u'c', u'c9', u'c9e', u'c9e2', u'c9e2c', u'c9e2c7', u'c9e2c7c', u'c9e2c7c7', u'c9e2c7c7a', u'c9e2c7c7ab', u'c9e2c7c7ab8', u'c9e2c7c7ab86', u'c9e2c7c7ab86c']"
404,106,אגסי 3,1,דניאל,0,"32.06875,34.7635",404,"[u'c', u'c9', u'c9e', u'c9e2', u'c9e2c', u'c9e2c7', u'c9e2c7c', u'c9e2c7ca', u'c9e2c7cae', u'c9e2c7cae8', u'c9e2c7cae80', u'c9e2c7cae800', u'c9e2c7cae8004']"
405,681,נמל יפו 1,0,נמל יפו,0,"32.05161,34.75006",405,"[u'c', u'c9', u'c9e', u'c9e2', u'c9e2c', u'c9e2c7', u'c9e2c73', u'c9e2c736', u'c9e2c7368', u'c9e2c73688', u'c9e2c736885', u'c9e2c736885c', u'c9e2c736885c8']"
406,125,הרובע,4,רבי פנחס,0,"32.05293,34.7548",406,"[u'c', u'c9', u'c9e', u'c9e2', u'c9e2c', u'c9e2c7', u'c9e2c73', u'c9e2c73c', u'c9e2c73c5', u'c9e2c73c56', u'c9e2c73c56e', u'c9e2c73c56e7', u'c9e2c73c56e78']"
407,25,טרומפלדור,4,טרומפלדור,0,"32.07548,34.76623",407,"[u'c', u'c9', u'c9e', u'c9e2', u'c9e2c', u'c9e2c7', u'c9e2c7e', u'c9e2c7e8', u'c9e2c7e87', u'c9e2c7e877', u'c9e2c7e8775', u'c9e2c7e8775f', u'c9e2c7e8775f7']"
408,15,המנור 2,2,המנור,0,"32.05163,34.77151",408,"[u'c', u'c9', u'c9e', u'c9e2', u'c9e2c', u'c9e2c7', u'c9e2c76', u'c9e2c763', u'c9e2c763d', u'c9e2c763dd', u'c9e2c763dd3', u'c9e2c763dd31', u'c9e2c763dd317']"
409,48,היסוד,8,היסוד,0,"32.05153,34.76637",409,"[u'c', u'c9', u'c9e', u'c9e2', u'c9e2c', u'c9e2c7', u'c9e2c76', u'c9e2c763', u'c9e2c7638', u'c9e2c76382', u'c9e2c763829', u'c9e2c763829e', u'c9e2c763829e1']"
41,39,נחום 94,7,אלחנן יצחק,0,"32.06532,34.76591",41,"[u'c', u'c9', u'c9e', u'c9e2', u'c9e2c', u'c9e2c7', u'c9e2c7c', u'c9e2c7c8', u'c9e2c7c8d', u'c9e2c7c8dd', u'c9e2c7c8dd0', u'c9e2c7c8dd00', u'c9e2c7c8dd007']"
410,997,חניון התרבות,1,הוברמן,0,"32.07292,34.78034",410,"[u'c', u'c9', u'c9e', u'c9e2', u'c9e2c', u'c9e2c7', u'c9e2c7e', u'c9e2c7e7', u'c9e2c7e76', u'c9e2c7e769', u'c9e2c7e7692', u'c9e2c7e76921', u'c9e2c7e76921b']"
411,81,גיא,58,רוטשילד,0,"32.06441,34.77585",411,"[u'c', u'c9', u'c9e', u'c9e2', u'c9e2c', u'c9e2c7', u'c9e2c7c', u'c9e2c7cc', u'c9e2c7cc7', u'c9e2c7cc70', u'c9e2c7cc708', u'c9e2c7cc708a', u'c9e2c7cc708a8']"
42,412,גרוזנברג,16,גרוזנברג,0,"32.06606,34.76967",42,"[u'c', u'c9', u'c9e', u'c9e2', u'c9e2c', u'c9e2c7', u'c9e2c7c', u'c9e2c7c9', u'c9e2c7c9e', u'c9e2c7c9ec', u'c9e2c7c9ec2', u'c9e2c7c9ec22', u'c9e2c7c9ec222']"
43,49,הורד,14,גרוזנברג,0,"32.06581,34.76943",43,"[u'c', u'c9', u'c9e', u'c9e2', u'c9e2c', u'c9e2c7', u'c9e2c7c', u'c9e2c7c9', u'c9e2c7c9e', u'c9e2c7c9e1', u'c9e2c7c9e1b', u'c9e2c7c9e1b8', u'c9e2c7c9e1b85']"
44,33,מונטיפיורי 5,5,מונטיפיורי,0,"32.06467,34.76957",44,"[u'c', u'c9', u'c9e', u'c9e2', u'c9e2c', u'c9e2c7', u'c9e2c7c', u'c9e2c7c9', u'c9e2c7c96', u'c9e2c7c969', u'c9e2c7c9694', u'c9e2c7c9694f', u'c9e2c7c9694fb']"
45,12,השחר,1,מונטיפיורי,0,"32.06461,34.76918",45,"[u'c', u'c9', u'c9e', u'c9e2', u'c9e2c', u'c9e2c7', u'c9e2c7c', u'c9e2c7c9', u'c9e2c7c96', u'c9e2c7c962', u'c9e2c7c962e', u'c9e2c7c962e9', u'c9e2c7c962e92']"
46,68,אופיר,37,גרוזנברג,0,"32.06688,34.77097",46,"[u'c', u'c9', u'c9e', u'c9e2', u'c9e2c', u'c9e2c7', u'c9e2c7c', u'c9e2c7cb', u'c9e2c7cb5', u'c9e2c7cb5b', u'c9e2c7cb5b5', u'c9e2c7cb5b52', u'c9e2c7cb5b52e']"
47,57,אלנבי,110,אלנבי,0,"32.06451,34.77258",47,"[u'c', u'c9', u'c9e', u'c9e2', u'c9e2c', u'c9e2c7', u'c9e2c7c', u'c9e2c7cc', u'c9e2c7cc2', u'c9e2c7cc26', u'c9e2c7cc263', u'c9e2c7cc2635', u'c9e2c7cc2635e']"
48,24,בית הרכב,17,רוטשילד,0,"32.0632,34.77126",48,"[u'c', u'c9', u'c9e', u'c9e2', u'c9e2c', u'c9e2c7', u'c9e2c7c', u'c9e2c7c3', u'c9e2c7c3f', u'c9e2c7c3f6', u'c9e2c7c3f6c', u'c9e2c7c3f6cc', u'c9e2c7c3f6cca']"
49,35,אלנבי 102,102,אלנבי,0,"32.06544,34.77217",49,"[u'c', u'c9', u'c9e', u'c9e2', u'c9e2c', u'c9e2c7', u'c9e2c7c', u'c9e2c7cc', u'c9e2c7cc8', u'c9e2c7cc89', u'c9e2c7cc899', u'c9e2c7cc899a', u'c9e2c7cc899ac']"
5,24, אורי,12,לסר אורי,0,"32.08132,34.78532",5,"[u'c', u'c9', u'c9e', u'c9e2', u'c9e2c', u'c9e2cd', u'c9e2cd5', u'c9e2cd50', u'c9e2cd503', u'c9e2cd503f', u'c9e2cd503f4', u'c9e2cd503f4b', u'c9e2cd503f4bb']"
50,178,אלנבי 115,115,אלנבי,0,"32.06245,34.77332",50,"[u'c', u'c9', u'c9e', u'c9e2', u'c9e2c', u'c9e2c7', u'c9e2c7c', u'c9e2c7c6', u'c9e2c7c69', u'c9e2c7c692', u'c9e2c7c6926', u'c9e2c7c69264', u'c9e2c7c69264a']"
51,106,מגדל יבנה,31,יבנה,0,"32.06319,34.77406",51,"[u'c', u'c9', u'c9e', u'c9e2', u'c9e2c', u'c9e2c7', u'c9e2c7c', u'c9e2c7c6', u'c9e2c7c6b', u'c9e2c7c6b6', u'c9e2c7c6b6d', u'c9e2c7c6b6d2', u'c9e2c7c6b6d2e']"
52,167,בית-ציון,41,רוטשילד,0,"32.06407,34.77447",52,"[u'c', u'c9', u'c9e', u'c9e2', u'c9e2c', u'c9e2c7', u'c9e2c7c', u'c9e2c7cc', u'c9e2c7cc1', u'c9e2c7cc1d', u'c9e2c7cc1dd', u'c9e2c7cc1ddf', u'c9e2c7cc1ddff']"
53,9,יבנה 17,36,מונטיפיורי,0,"32.06562,34.77339",53,"[u'c', u'c9', u'c9e', u'c9e2', u'c9e2c', u'c9e2c7', u'c9e2c7c', u'c9e2c7cc', u'c9e2c7cc9', u'c9e2c7cc9a', u'c9e2c7cc9af', u'c9e2c7cc9af1', u'c9e2c7cc9af13']"
54,221,רענן 3,3,רענן,0,"32.06029,34.7687",54,"[u'c', u'c9', u'c9e', u'c9e2', u'c9e2c', u'c9e2c7', u'c9e2c7c', u'c9e2c7c1', u'c9e2c7c1b', u'c9e2c7c1b5', u'c9e2c7c1b58', u'c9e2c7c1b58e', u'c9e2c7c1b58ed']"
55,105,המסילה,68,נחלת בנימין,0,"32.06134,34.77248",55,"[u'c', u'c9', u'c9e', u'c9e2', u'c9e2c', u'c9e2c7', u'c9e2c7c', u'c9e2c7c6', u'c9e2c7c60', u'c9e2c7c60c', u'c9e2c7c60ca', u'c9e2c7c60ca7', u'c9e2c7c60ca72']"
56,21,חשמל 2,19,החשמל,0,"32.06176,34.77663",56,"[u'c', u'c9', u'c9e', u'c9e2', u'c9e2c', u'c9e2c7', u'c9e2c7c', u'c9e2c7c6', u'c9e2c7c67', u'c9e2c7c676', u'c9e2c7c6763', u'c9e2c7c67630', u'c9e2c7c676309']"
57,64,החשמל,20,לבונטין,0,"32.06231,34.77621",57,"[u'c', u'c9', u'c9e', u'c9e2', u'c9e2c', u'c9e2c7', u'c9e2c7c', u'c9e2c7c6', u'c9e2c7c6d', u'c9e2c7c6d1', u'c9e2c7c6d12', u'c9e2c7c6d12a', u'c9e2c7c6d12af']"
58,33,לבונטין,22,לבונטין,0,"32.06241,34.7763",58,"[u'c', u'c9', u'c9e', u'c9e2', u'c9e2c', u'c9e2c7', u'c9e2c7c', u'c9e2c7c6', u'c9e2c7c6d', u'c9e2c7c6d3', u'c9e2c7c6d31', u'c9e2c7c6d313', u'c9e2c7c6d3130']"
59,19,ברזילי,11,ברזילי,0,"32.06089,34.77571",59,"[u'c', u'c9', u'c9e', u'c9e2', u'c9e2c', u'c9e2c7', u'c9e2c7c', u'c9e2c7c6', u'c9e2c7c64', u'c9e2c7c645', u'c9e2c7c6454', u'c9e2c7c6454b', u'c9e2c7c6454bc']"
6,142,מלון שרתון,115,הירקון,0,"32.08128,34.76841",6,"[u'c', u'c9', u'c9e', u'c9e2', u'c9e2c', u'c9e2cd', u'c9e2cd4', u'c9e2cd41', u'c9e2cd413', u'c9e2cd413e', u'c9e2cd413e1', u'c9e2cd413e11', u'c9e2cd413e111']"
60,81,בני אליעזר,18,החשמל,0,"32.06286,34.7777",60,"[u'c', u'c9', u'c9e', u'c9e2', u'c9e2c', u'c9e2c7', u'c9e2c7c', u'c9e2c7c7', u'c9e2c7c78', u'c9e2c7c78b', u'c9e2c7c78b9', u'c9e2c7c78b9e', u'c9e2c7c78b9e1']"
61,23,בית הדר ב,22,הרכבת,0,"32.06335,34.77859",61,"[u'c', u'c9', u'c9e', u'c9e2', u'c9e2c', u'c9e2c7', u'c9e2c7c', u'c9e2c7c7', u'c9e2c7c7a', u'c9e2c7c7ad', u'c9e2c7c7add', u'c9e2c7c7add5', u'c9e2c7c7add5f']"
62,35,ימה וקדמה ישראל,6,ברנר,0,"32.0691,34.77138",62,"[u'c', u'c9', u'c9e', u'c9e2', u'c9e2c', u'c9e2c7', u'c9e2c7e', u'c9e2c7e1', u'c9e2c7e15', u'c9e2c7e154', u'c9e2c7e1545', u'c9e2c7e15455', u'c9e2c7e15455f']"
63,39,אחד העם,82,אחד העם,0,"32.06631,34.7765",63,"[u'c', u'c9', u'c9e', u'c9e2', u'c9e2c', u'c9e2c7', u'c9e2c7c', u'c9e2c7cc', u'c9e2c7ccf', u'c9e2c7ccfb', u'c9e2c7ccfbf', u'c9e2c7ccfbf4', u'c9e2c7ccfbf49']"
64,46,שדרות בן ציון,3,בן ציון,0,"32.07382,34.77588",64,"[u'c', u'c9', u'c9e', u'c9e2', u'c9e2c', u'c9e2c7', u'c9e2c7e', u'c9e2c7e6', u'c9e2c7e6d', u'c9e2c7e6da', u'c9e2c7e6da8', u'c9e2c7e6da81', u'c9e2c7e6da819']"
65,40,לסקוב,13,לסקוב חיים,0,"32.07293,34.78358",65,"[u'c', u'c9', u'c9e', u'c9e2', u'c9e2c', u'c9e2c7', u'c9e2c7f', u'c9e2c7f2', u'c9e2c7f22', u'c9e2c7f22c', u'c9e2c7f22c6', u'c9e2c7f22c62', u'c9e2c7f22c629']"
66,300,המיגדל,3,פריש דניאל,0,"32.07433,34.78247",66,"[u'c', u'c9', u'c9e', u'c9e2', u'c9e2c', u'c9e2c7', u'c9e2c7e', u'c9e2c7e7', u'c9e2c7e7f', u'c9e2c7e7fd', u'c9e2c7e7fd9', u'c9e2c7e7fd90', u'c9e2c7e7fd904']"
67,756,דיזנגוף סנטר,50,דיזנגוף,0,"32.07534,34.77527",67,"[u'c', u'c9', u'c9e', u'c9e2', u'c9e2c', u'c9e2c7', u'c9e2c7e', u'c9e2c7ec', u'c9e2c7ec6', u'c9e2c7ec64', u'c9e2c7ec643', u'c9e2c7ec6439', u'c9e2c7ec64392']"
68,240,החניון מעל בסנטר,64,דיזנגוף,0,"32.07632,34.77468",68,"[u'c', u'c9', u'c9e', u'c9e2', u'c9e2c', u'c9e2c7', u'c9e2c7e', u'c9e2c7ec', u'c9e2c7ecc', u'c9e2c7ecc8', u'c9e2c7ecc84', u'c9e2c7ecc843', u'c9e2c7ecc843c']"
69,42,בוגרשוב,14,בוגרשוב,0,"32.07736,34.76896",69,"[u'c', u'c9', u'c9e', u'c9e2', u'c9e2c', u'c9e2c7', u'c9e2c7e', u'c9e2c7eb', u'c9e2c7eb1', u'c9e2c7eb15', u'c9e2c7eb155', u'c9e2c7eb155c', u'c9e2c7eb155cd']"
7,744,כלל,8,לוריא,0,"32.07758,34.77177",7,"[u'c', u'c9', u'c9e', u'c9e2', u'c9e2c', u'c9e2c7', u'c9e2c7e', u'c9e2c7ee', u'c9e2c7ee0', u'c9e2c7ee02', u'c9e2c7ee022', u'c9e2c7ee022b', u'c9e2c7ee022b5']"
70,51,מ.מטרופוליטן,11,טרומפלדור,0,"32.07545,34.76722",70,"[u'c', u'c9', u'c9e', u'c9e2', u'c9e2c', u'c9e2c7', u'c9e2c7e', u'c9e2c7e9', u'c9e2c7e92', u'c9e2c7e926', u'c9e2c7e9265', u'c9e2c7e92651', u'c9e2c7e92651d']"
71,28,רם,72,הירקון,0,"32.07632,34.76693",71,"[u'c', u'c9', u'c9e', u'c9e2', u'c9e2c', u'c9e2c7', u'c9e2c7e', u'c9e2c7e9', u'c9e2c7e98', u'c9e2c7e98c', u'c9e2c7e98c0', u'c9e2c7e98c02', u'c9e2c7e98c029']"
72,60,בית אל על,32,בן יהודה,0,"32.0763,34.76814",72,"[u'c', u'c9', u'c9e', u'c9e2', u'c9e2c', u'c9e2c7', u'c9e2c7e', u'c9e2c7e9', u'c9e2c7e99', u'c9e2c7e993', u'c9e2c7e993e', u'c9e2c7e993ea', u'c9e2c7e993eaf']"
73,298,מגדל האופרה,4,הירדן,0,"32.07423,34.76603",73,"[u'c', u'c9', u'c9e', u'c9e2', u'c9e2c', u'c9e2c7', u'c9e2c7e', u'c9e2c7e2', u'c9e2c7e2f', u'c9e2c7e2f7', u'c9e2c7e2f7b', u'c9e2c7e2f7bc', u'c9e2c7e2f7bcb']"
74,77,הירקון,64,הירקון,0,"32.07528,34.76656",74,"[u'c', u'c9', u'c9e', u'c9e2', u'c9e2c', u'c9e2c7', u'c9e2c7e', u'c9e2c7e9', u'c9e2c7e92', u'c9e2c7e920', u'c9e2c7e9205', u'c9e2c7e92055', u'c9e2c7e92055a']"
75,291,הטיילת,55,הירקון,0,"32.07475,34.76643",75,"[u'c', u'c9', u'c9e', u'c9e2', u'c9e2c', u'c9e2c7', u'c9e2c7e', u'c9e2c7e9', u'c9e2c7e90', u'c9e2c7e900', u'c9e2c7e900e', u'c9e2c7e900eb', u'c9e2c7e900eb2']"
76,35,מלון קסם,16,בן יהודה,0,"32.07457,34.76808",76,"[u'c', u'c9', u'c9e', u'c9e2', u'c9e2c', u'c9e2c7', u'c9e2c7e', u'c9e2c7e3', u'c9e2c7e3b', u'c9e2c7e3bb', u'c9e2c7e3bbb', u'c9e2c7e3bbb9', u'c9e2c7e3bbb9d']"
77,103,מוגרבי,25,אלנבי,0,"32.0727,34.76874",77,"[u'c', u'c9', u'c9e', u'c9e2', u'c9e2c', u'c9e2c7', u'c9e2c7e', u'c9e2c7e3', u'c9e2c7e33', u'c9e2c7e337', u'c9e2c7e3371', u'c9e2c7e33710', u'c9e2c7e337106']"
78,196,אידלסון,6,אידלסון,0,"32.07367,34.76749",78,"[u'c', u'c9', u'c9e', u'c9e2', u'c9e2c', u'c9e2c7', u'c9e2c7e', u'c9e2c7e3', u'c9e2c7e38', u'c9e2c7e38d', u'c9e2c7e38dc', u'c9e2c7e38dcc', u'c9e2c7e38dcc9']"
79,24,יונה הנביא,36,יונה הנביא,0,"32.07214,34.76815",79,"[u'c', u'c9', u'c9e', u'c9e2', u'c9e2c', u'c9e2c7', u'c9e2c7e', u'c9e2c7e3', u'c9e2c7e31', u'c9e2c7e313', u'c9e2c7e313e', u'c9e2c7e313e1', u'c9e2c7e313e10']"
8,105,חשמונאים,86,החשמונאים,0,"32.06952,34.78365",8,"[u'c', u'c9', u'c9e', u'c9e2', u'c9e2c', u'c9e2c7', u'c9e2c7f', u'c9e2c7f0', u'c9e2c7f00', u'c9e2c7f00c', u'c9e2c7f00c6', u'c9e2c7f00c6f', u'c9e2c7f00c6fe']"
80,36,גאולה,18,גאולה,0,"32.0719,34.76671",80,"[u'c', u'c9', u'c9e', u'c9e2', u'c9e2c', u'c9e2c7', u'c9e2c7e', u'c9e2c7e3', u'c9e2c7e30', u'c9e2c7e301', u'c9e2c7e3013', u'c9e2c7e30136', u'c9e2c7e301368']"
81,25,הכובשים,8,הכובשים,0,"32.07202,34.76749",81,"[u'c', u'c9', u'c9e', u'c9e2', u'c9e2c', u'c9e2c7', u'c9e2c7e', u'c9e2c7e3', u'c9e2c7e30', u'c9e2c7e307', u'c9e2c7e3074', u'c9e2c7e30744', u'c9e2c7e30744b']"
82,45,הירקון,92,הירקון,0,"32.07817,34.76758",82,"[u'c', u'c9', u'c9e', u'c9e2', u'c9e2c', u'c9e2c7', u'c9e2c7e', u'c9e2c7eb', u'c9e2c7eb2', u'c9e2c7eb25', u'c9e2c7eb25f', u'c9e2c7eb25fc', u'c9e2c7eb25fc4']"
83,40,בוגרשוב,107,הירקון,0,"32.08017,34.76832",83,"[u'c', u'c9', u'c9e', u'c9e2', u'c9e2c', u'c9e2cd', u'c9e2cd4', u'c9e2cd41', u'c9e2cd411', u'c9e2cd4114', u'c9e2cd41148', u'c9e2cd411481', u'c9e2cd4114818']"
84,144,מלון יובל,111,הירקון,0,"32.08051,34.76843",84,"[u'c', u'c9', u'c9e', u'c9e2', u'c9e2c', u'c9e2cd', u'c9e2cd4', u'c9e2cd41', u'c9e2cd411', u'c9e2cd411c', u'c9e2cd411c9', u'c9e2cd411c94', u'c9e2cd411c943']"
85,14,הדרגסטור,64,ארלוזורוב,0,"32.08624,34.77785",85,"[u'c', u'c9', u'c9e', u'c9e2', u'c9e2c', u'c9e2cd', u'c9e2cd4', u'c9e2cd4d', u'c9e2cd4d0', u'c9e2cd4d0b', u'c9e2cd4d0bf', u'c9e2cd4d0bf9', u'c9e2cd4d0bf93']"
86,177,בית אליהו,2,אבן גבירול,0,"32.07151,34.78193",86,"[u'c', u'c9', u'c9e', u'c9e2', u'c9e2c', u'c9e2c7', u'c9e2c7e', u'c9e2c7e5', u'c9e2c7e5f', u'c9e2c7e5f9', u'c9e2c7e5f94', u'c9e2c7e5f947', u'c9e2c7e5f9473']"
87,40,"ת""א הקטנה",304,הירקון,0,"32.09668,34.77473",87,"[u'c', u'c9', u'c9e', u'c9e2', u'c9e2c', u'c9e2cd', u'c9e2cd6', u'c9e2cd6c', u'c9e2cd6c4', u'c9e2cd6c40', u'c9e2cd6c40c', u'c9e2cd6c40cf', u'c9e2cd6c40cf7']"
88,17,שער ציון 9,9,שער ציון,0,"32.09566,34.77393",88,"[u'c', u'c9', u'c9e', u'c9e2', u'c9e2c', u'c9e2cd', u'c9e2cd6', u'c9e2cd66', u'c9e2cd669', u'c9e2cd669c', u'c9e2cd669cb', u'c9e2cd669cb4', u'c9e2cd669cb46']"
89,43,החוף,299,הירקון,0,"32.09486,34.77415",89,"[u'c', u'c9', u'c9e', u'c9e2', u'c9e2c', u'c9e2cd', u'c9e2cd6', u'c9e2cd66', u'c9e2cd663', u'c9e2cd663d', u'c9e2cd663d0', u'c9e2cd663d02', u'c9e2cd663d02f']"
9,488,אבן זיו,24,סעדיה גאון,0,"32.06786,34.78225",9,"[u'c', u'c9', u'c9e', u'c9e2', u'c9e2c', u'c9e2c7', u'c9e2c7c', u'c9e2c7cf', u'c9e2c7cfd', u'c9e2c7cfd4', u'c9e2c7cfd4e', u'c9e2c7cfd4e6', u'c9e2c7cfd4e61']"
90,74,מאפו,7,מאפו,0,"32.08065,34.76941",90,"[u'c', u'c9', u'c9e', u'c9e2', u'c9e2c', u'c9e2cd', u'c9e2cd4', u'c9e2cd41', u'c9e2cd414', u'c9e2cd414b', u'c9e2cd414b2', u'c9e2cd414b27', u'c9e2cd414b277']"
91,24,הירקון,154,הירקון,0,"32.08411,34.76945",91,"[u'c', u'c9', u'c9e', u'c9e2', u'c9e2c', u'c9e2cd', u'c9e2cd4', u'c9e2cd43', u'c9e2cd436', u'c9e2cd436b', u'c9e2cd436b3', u'c9e2cd436b3b', u'c9e2cd436b3bf']"
92,126,הסינרמה,45,"ת""א - חיפה",0,"32.82565,34.98658",92,"[u'c', u'c9', u'c9e', u'c9e8', u'c9e8d', u'c9e8dc', u'c9e8dca', u'c9e8dcab', u'c9e8dcab2', u'c9e8dcab2b', u'c9e8dcab2b7', u'c9e8dcab2b70', u'c9e8dcab2b707']"
93,50,דליה,23,שונצינו,0,"32.06805,34.78814",93,"[u'c', u'c9', u'c9e', u'c9e2', u'c9e2c', u'c9e2c7', u'c9e2c7d', u'c9e2c7da', u'c9e2c7dad', u'c9e2c7dad7', u'c9e2c7dad7f', u'c9e2c7dad7f8', u'c9e2c7dad7f8f']"
94,17,"ישראל ב""ק",2,"ב""ק ישראל",0,"32.06871,34.7877",94,"[u'c', u'c9', u'c9e', u'c9e2', u'c9e2c', u'c9e2c7', u'c9e2c7d', u'c9e2c7da', u'c9e2c7daf', u'c9e2c7daf6', u'c9e2c7daf6e', u'c9e2c7daf6e0', u'c9e2c7daf6e03']"
95,66,שעלים,30,המסגר,0,"32.0635,34.7855",95,"[u'c', u'c9', u'c9e', u'c9e2', u'c9e2c', u'c9e2c7', u'c9e2c7d', u'c9e2c7d2', u'c9e2c7d2e', u'c9e2c7d2ea', u'c9e2c7d2ea2', u'c9e2c7d2ea29', u'c9e2c7d2ea29f']"
96,340,ישראכרט,40,המסגר,0,"32.06474,34.78615",96,"[u'c', u'c9', u'c9e', u'c9e2', u'c9e2c', u'c9e2c7', u'c9e2c7d', u'c9e2c7d8', u'c9e2c7d86', u'c9e2c7d86c', u'c9e2c7d86c8', u'c9e2c7d86c88', u'c9e2c7d86c882']"
97,104,יצחק שדה,34,שדה יצחק,0,"32.06507,34.78793",97,"[u'c', u'c9', u'c9e', u'c9e2', u'c9e2c', u'c9e2c7', u'c9e2c7d', u'c9e2c7d8', u'c9e2c7d8d', u'c9e2c7d8d5', u'c9e2c7d8d58', u'c9e2c7d8d587', u'c9e2c7d8d5870']"
98,132,דן אל,3,קהילת סלוניקי,0,"32.11406,34.82359",98,"[u'c', u'c9', u'c9e', u'c9e2', u'c9e2d', u'c9e2d8', u'c9e2d8a', u'c9e2d8a5', u'c9e2d8a53', u'c9e2d8a537', u'c9e2d8a537a', u'c9e2d8a537aa', u'c9e2d8a537aa7']"
99,53,בן יוסף,22,בן יוסף שלמה,0,"32.12595,34.79816",99,"[u'c', u'c9', u'c9e', u'c9e2', u'c9e2c', u'c9e2cf', u'c9e2cf5', u'c9e2cf54', u'c9e2cf54d', u'c9e2cf54da', u'c9e2cf54da5', u'c9e2cf54da5f', u'c9e2cf54da5fd']"
